cp	char	block	name	ink	clip	dup_of	recommended
U+0020	 	ASCII	SPACE	0.0000	0.0000		1
U+0021	!	ASCII	EXCLAMATION MARK	0.0815	0.0000		1
U+0022	"	ASCII	QUOTATION MARK	0.0592	0.0000		1
U+0023	#	ASCII	NUMBER SIGN	0.2155	0.0035		1
U+0024	$	ASCII	DOLLAR SIGN	0.1957	0.0000		1
U+0025	%	ASCII	PERCENT SIGN	0.1782	0.0000		1
U+0026	&	ASCII	AMPERSAND	0.2111	0.0000		1
U+0027	'	ASCII	APOSTROPHE	0.0294	0.0000		1
U+0028	(	ASCII	LEFT PARENTHESIS	0.1067	0.0000		1
U+0029	)	ASCII	RIGHT PARENTHESIS	0.1066	0.0000		1
U+002A	*	ASCII	ASTERISK	0.0911	0.0000		1
U+002B	+	ASCII	PLUS SIGN	0.1003	0.0000		1
U+002C	,	ASCII	COMMA	0.0426	0.0000		1
U+002D	-	ASCII	HYPHEN-MINUS	0.0253	0.0000		1
U+002E	.	ASCII	FULL STOP	0.0244	0.0000		1
U+002F	/	ASCII	SOLIDUS	0.1014	0.0000		1
U+0030	0	ASCII	DIGIT ZERO	0.2209	0.0000		1
U+0031	1	ASCII	DIGIT ONE	0.1438	0.0000		1
U+0032	2	ASCII	DIGIT TWO	0.1669	0.0000		1
U+0033	3	ASCII	DIGIT THREE	0.1661	0.0000		1
U+0034	4	ASCII	DIGIT FOUR	0.1867	0.0000		1
U+0035	5	ASCII	DIGIT FIVE	0.1753	0.0000		1
U+0036	6	ASCII	DIGIT SIX	0.2073	0.0000		1
U+0037	7	ASCII	DIGIT SEVEN	0.1350	0.0000		1
U+0038	8	ASCII	DIGIT EIGHT	0.2293	0.0000		1
U+0039	9	ASCII	DIGIT NINE	0.2073	0.0000		1
U+003A	:	ASCII	COLON	0.0488	0.0000		1
U+003B	;	ASCII	SEMICOLON	0.0670	0.0000		1
U+003C	<	ASCII	LESS-THAN SIGN	0.1091	0.0000		1
U+003D	=	ASCII	EQUALS SIGN	0.1025	0.0000		1
U+003E	>	ASCII	GREATER-THAN SIGN	0.1091	0.0000		1
U+003F	?	ASCII	QUESTION MARK	0.1134	0.0000		1
U+0040	@	ASCII	COMMERCIAL AT	0.2563	0.0000		1
U+0041	A	ASCII	LATIN CAPITAL LETTER A	0.2095	0.0000		1
U+0042	B	ASCII	LATIN CAPITAL LETTER B	0.2539	0.0000		1
U+0043	C	ASCII	LATIN CAPITAL LETTER C	0.1491	0.0000		1
U+0044	D	ASCII	LATIN CAPITAL LETTER D	0.2269	0.0000		1
U+0045	E	ASCII	LATIN CAPITAL LETTER E	0.1972	0.0000		1
U+0046	F	ASCII	LATIN CAPITAL LETTER F	0.1609	0.0000		1
U+0047	G	ASCII	LATIN CAPITAL LETTER G	0.1942	0.0000		1
U+0048	H	ASCII	LATIN CAPITAL LETTER H	0.2240	0.0000		1
U+0049	I	ASCII	LATIN CAPITAL LETTER I	0.1590	0.0000		1
U+004A	J	ASCII	LATIN CAPITAL LETTER J	0.1439	0.0000		1
U+004B	K	ASCII	LATIN CAPITAL LETTER K	0.2203	0.0001		1
U+004C	L	ASCII	LATIN CAPITAL LETTER L	0.1338	0.0000		1
U+004D	M	ASCII	LATIN CAPITAL LETTER M	0.2639	0.0000		1
U+004E	N	ASCII	LATIN CAPITAL LETTER N	0.2619	0.0000		1
U+004F	O	ASCII	LATIN CAPITAL LETTER O	0.2133	0.0000		1
U+0050	P	ASCII	LATIN CAPITAL LETTER P	0.1959	0.0000		1
U+0051	Q	ASCII	LATIN CAPITAL LETTER Q	0.2337	0.0000		1
U+0052	R	ASCII	LATIN CAPITAL LETTER R	0.2351	0.0005		1
U+0053	S	ASCII	LATIN CAPITAL LETTER S	0.1812	0.0000		1
U+0054	T	ASCII	LATIN CAPITAL LETTER T	0.1442	0.0000		1
U+0055	U	ASCII	LATIN CAPITAL LETTER U	0.2041	0.0000		1
U+0056	V	ASCII	LATIN CAPITAL LETTER V	0.1801	0.0000		1
U+0057	W	ASCII	LATIN CAPITAL LETTER W	0.2600	0.0015		1
U+0058	X	ASCII	LATIN CAPITAL LETTER X	0.1911	0.0000		1
U+0059	Y	ASCII	LATIN CAPITAL LETTER Y	0.1484	0.0000		1
U+005A	Z	ASCII	LATIN CAPITAL LETTER Z	0.1838	0.0000		1
U+005B	[	ASCII	LEFT SQUARE BRACKET	0.1303	0.0000		1
U+005C	\	ASCII	REVERSE SOLIDUS	0.1014	0.0000		1
U+005D	]	ASCII	RIGHT SQUARE BRACKET	0.1308	0.0000		1
U+005E	^	ASCII	CIRCUMFLEX ACCENT	0.0632	0.0000		1
U+005F	_	ASCII	LOW LINE	0.0588	0.0154		1
U+0060	`	ASCII	GRAVE ACCENT	0.0213	0.0000		1
U+0061	a	ASCII	LATIN SMALL LETTER A	0.1750	0.0000		1
U+0062	b	ASCII	LATIN SMALL LETTER B	0.2026	0.0000		1
U+0063	c	ASCII	LATIN SMALL LETTER C	0.1144	0.0000		1
U+0064	d	ASCII	LATIN SMALL LETTER D	0.2028	0.0000		1
U+0065	e	ASCII	LATIN SMALL LETTER E	0.1704	0.0000		1
U+0066	f	ASCII	LATIN SMALL LETTER F	0.1404	0.0000		1
U+0067	g	ASCII	LATIN SMALL LETTER G	0.2229	0.0000		1
U+0068	h	ASCII	LATIN SMALL LETTER H	0.1795	0.0000		1
U+0069	i	ASCII	LATIN SMALL LETTER I	0.1296	0.0000		1
U+006A	j	ASCII	LATIN SMALL LETTER J	0.1375	0.0000		1
U+006B	k	ASCII	LATIN SMALL LETTER K	0.1834	0.0000		1
U+006C	l	ASCII	LATIN SMALL LETTER L	0.1216	0.0000		1
U+006D	m	ASCII	LATIN SMALL LETTER M	0.2032	0.0000		1
U+006E	n	ASCII	LATIN SMALL LETTER N	0.1528	0.0000		1
U+006F	o	ASCII	LATIN SMALL LETTER O	0.1610	0.0000		1
U+0070	p	ASCII	LATIN SMALL LETTER P	0.2032	0.0000		1
U+0071	q	ASCII	LATIN SMALL LETTER Q	0.2033	0.0000		1
U+0072	r	ASCII	LATIN SMALL LETTER R	0.0988	0.0000		1
U+0073	s	ASCII	LATIN SMALL LETTER S	0.1363	0.0000		1
U+0074	t	ASCII	LATIN SMALL LETTER T	0.1355	0.0000		1
U+0075	u	ASCII	LATIN SMALL LETTER U	0.1529	0.0000		1
U+0076	v	ASCII	LATIN SMALL LETTER V	0.1317	0.0000		1
U+0077	w	ASCII	LATIN SMALL LETTER W	0.1815	0.0013		1
U+0078	x	ASCII	LATIN SMALL LETTER X	0.1397	0.0000		1
U+0079	y	ASCII	LATIN SMALL LETTER Y	0.1676	0.0000		1
U+007A	z	ASCII	LATIN SMALL LETTER Z	0.1359	0.0000		1
U+007B	{	ASCII	LEFT CURLY BRACKET	0.1458	0.0000		1
U+007C	|	ASCII	VERTICAL LINE	0.1125	0.0000		1
U+007D	}	ASCII	RIGHT CURLY BRACKET	0.1445	0.0000		1
U+007E	~	ASCII	TILDE	0.0524	0.0000		1
U+00A1	¡	Latin-1	INVERTED EXCLAMATION MARK	0.0815	0.0000		1
U+00A2	¢	Latin-1	CENT SIGN	0.1603	0.0000		1
U+00A3	£	Latin-1	POUND SIGN	0.1800	0.0000		1
U+00A4	¤	Latin-1	CURRENCY SIGN	0.1071	0.0000		1
U+00A5	¥	Latin-1	YEN SIGN	0.2093	0.0000		1
U+00A6	¦	Latin-1	BROKEN BAR	0.0833	0.0000		1
U+00A7	§	Latin-1	SECTION SIGN	0.1981	0.0000		1
U+00A8	¨	Latin-1	DIAERESIS	0.0294	0.0000		1
U+00A9	©	Latin-1	COPYRIGHT SIGN	0.1471	0.0071		1
U+00AA	ª	Latin-1	FEMININE ORDINAL INDICATOR	0.1038	0.0000		1
U+00AB	«	Latin-1	LEFT-POINTING DOUBLE ANGLE QUOTATION MARK	0.0976	0.0000		1
U+00AC	¬	Latin-1	NOT SIGN	0.0676	0.0000		1
U+00AE	®	Latin-1	REGISTERED SIGN	0.1730	0.0060		1
U+00AF	¯	Latin-1	MACRON	0.0290	0.0000		1
U+00B0	°	Latin-1	DEGREE SIGN	0.0684	0.0000		1
U+00B1	±	Latin-1	PLUS-MINUS SIGN	0.1352	0.0000		1
U+00B2	²	Latin-1	SUPERSCRIPT TWO	0.0597	0.0000		1
U+00B3	³	Latin-1	SUPERSCRIPT THREE	0.0602	0.0000		1
U+00B4	´	Latin-1	ACUTE ACCENT	0.0213	0.0000		1
U+00B5	µ	Latin-1	MICRO SIGN	0.1875	0.0000		1
U+00B6	¶	Latin-1	PILCROW SIGN	0.2620	0.0000		1
U+00B7	·	Latin-1	MIDDLE DOT	0.0244	0.0000		1
U+00B8	¸	Latin-1	CEDILLA	0.0268	0.0000		1
U+00B9	¹	Latin-1	SUPERSCRIPT ONE	0.0538	0.0000		1
U+00BA	º	Latin-1	MASCULINE ORDINAL INDICATOR	0.1000	0.0000		1
U+00BB	»	Latin-1	RIGHT-POINTING DOUBLE ANGLE QUOTATION MARK	0.0975	0.0000		1
U+00BC	¼	Latin-1	VULGAR FRACTION ONE QUARTER	0.1530	0.0000		1
U+00BD	½	Latin-1	VULGAR FRACTION ONE HALF	0.1412	0.0000		1
U+00BE	¾	Latin-1	VULGAR FRACTION THREE QUARTERS	0.1592	0.0000		1
U+00BF	¿	Latin-1	INVERTED QUESTION MARK	0.1185	0.0000		1
U+00C0	À	Latin-1	LATIN CAPITAL LETTER A WITH GRAVE	0.2218	0.0000		1
U+00C1	Á	Latin-1	LATIN CAPITAL LETTER A WITH ACUTE	0.2218	0.0000		1
U+00C2	Â	Latin-1	LATIN CAPITAL LETTER A WITH CIRCUMFLEX	0.2317	0.0247		1
U+00C3	Ã	Latin-1	LATIN CAPITAL LETTER A WITH TILDE	0.2431	0.0000		1
U+00C4	Ä	Latin-1	LATIN CAPITAL LETTER A WITH DIAERESIS	0.2389	0.0000		1
U+00C5	Å	Latin-1	LATIN CAPITAL LETTER A WITH RING ABOVE	0.2530	0.0000		1
U+00C6	Æ	Latin-1	LATIN CAPITAL LETTER AE	0.2441	0.0000		1
U+00C7	Ç	Latin-1	LATIN CAPITAL LETTER C WITH CEDILLA	0.1760	0.0000		1
U+00C8	È	Latin-1	LATIN CAPITAL LETTER E WITH GRAVE	0.2095	0.0000		1
U+00C9	É	Latin-1	LATIN CAPITAL LETTER E WITH ACUTE	0.2096	0.0000		1
U+00CA	Ê	Latin-1	LATIN CAPITAL LETTER E WITH CIRCUMFLEX	0.2194	0.0260		1
U+00CB	Ë	Latin-1	LATIN CAPITAL LETTER E WITH DIAERESIS	0.2266	0.0000		1
U+00CC	Ì	Latin-1	LATIN CAPITAL LETTER I WITH GRAVE	0.1713	0.0000		1
U+00CD	Í	Latin-1	LATIN CAPITAL LETTER I WITH ACUTE	0.1714	0.0000		1
U+00CE	Î	Latin-1	LATIN CAPITAL LETTER I WITH CIRCUMFLEX	0.1812	0.0314		1
U+00CF	Ï	Latin-1	LATIN CAPITAL LETTER I WITH DIAERESIS	0.1884	0.0000		1
U+00D0	Ð	Latin-1	LATIN CAPITAL LETTER ETH	0.2463	0.0000		1
U+00D1	Ñ	Latin-1	LATIN CAPITAL LETTER N WITH TILDE	0.2955	0.0000		1
U+00D2	Ò	Latin-1	LATIN CAPITAL LETTER O WITH GRAVE	0.2256	0.0000		1
U+00D3	Ó	Latin-1	LATIN CAPITAL LETTER O WITH ACUTE	0.2257	0.0000		1
U+00D4	Ô	Latin-1	LATIN CAPITAL LETTER O WITH CIRCUMFLEX	0.2355	0.0243		1
U+00D5	Õ	Latin-1	LATIN CAPITAL LETTER O WITH TILDE	0.2469	0.0000		1
U+00D6	Ö	Latin-1	LATIN CAPITAL LETTER O WITH DIAERESIS	0.2428	0.0000		1
U+00D7	×	Latin-1	MULTIPLICATION SIGN	0.1102	0.0000		1
U+00D8	Ø	Latin-1	LATIN CAPITAL LETTER O WITH STROKE	0.2698	0.0000		1
U+00D9	Ù	Latin-1	LATIN CAPITAL LETTER U WITH GRAVE	0.2164	0.0000		1
U+00DA	Ú	Latin-1	LATIN CAPITAL LETTER U WITH ACUTE	0.2165	0.0000		1
U+00DB	Û	Latin-1	LATIN CAPITAL LETTER U WITH CIRCUMFLEX	0.2263	0.0253		1
U+00DC	Ü	Latin-1	LATIN CAPITAL LETTER U WITH DIAERESIS	0.2335	0.0000		1
U+00DD	Ý	Latin-1	LATIN CAPITAL LETTER Y WITH ACUTE	0.1608	0.0000		1
U+00DE	Þ	Latin-1	LATIN CAPITAL LETTER THORN	0.1944	0.0000		1
U+00DF	ß	Latin-1	LATIN SMALL LETTER SHARP S	0.2297	0.0000		1
U+00E0	à	Latin-1	LATIN SMALL LETTER A WITH GRAVE	0.1963	0.0000		1
U+00E1	á	Latin-1	LATIN SMALL LETTER A WITH ACUTE	0.1963	0.0000		1
U+00E2	â	Latin-1	LATIN SMALL LETTER A WITH CIRCUMFLEX	0.2082	0.0000		1
U+00E3	ã	Latin-1	LATIN SMALL LETTER A WITH TILDE	0.2131	0.0000		1
U+00E4	ä	Latin-1	LATIN SMALL LETTER A WITH DIAERESIS	0.2044	0.0000		1
U+00E5	å	Latin-1	LATIN SMALL LETTER A WITH RING ABOVE	0.2311	0.0000		1
U+00E6	æ	Latin-1	LATIN SMALL LETTER AE	0.2184	0.0000		1
U+00E7	ç	Latin-1	LATIN SMALL LETTER C WITH CEDILLA	0.1413	0.0000		1
U+00E8	è	Latin-1	LATIN SMALL LETTER E WITH GRAVE	0.1917	0.0000		1
U+00E9	é	Latin-1	LATIN SMALL LETTER E WITH ACUTE	0.1917	0.0000		1
U+00EA	ê	Latin-1	LATIN SMALL LETTER E WITH CIRCUMFLEX	0.2037	0.0000		1
U+00EB	ë	Latin-1	LATIN SMALL LETTER E WITH DIAERESIS	0.1998	0.0000		1
U+00EC	ì	Latin-1	LATIN SMALL LETTER I WITH GRAVE	0.1376	0.0000		1
U+00ED	í	Latin-1	LATIN SMALL LETTER I WITH ACUTE	0.1376	0.0000		1
U+00EE	î	Latin-1	LATIN SMALL LETTER I WITH CIRCUMFLEX	0.1495	0.0000		1
U+00EF	ï	Latin-1	LATIN SMALL LETTER I WITH DIAERESIS	0.1456	0.0000		1
U+00F0	ð	Latin-1	LATIN SMALL LETTER ETH	0.2160	0.0000		1
U+00F1	ñ	Latin-1	LATIN SMALL LETTER N WITH TILDE	0.1909	0.0000		1
U+00F2	ò	Latin-1	LATIN SMALL LETTER O WITH GRAVE	0.1824	0.0000		1
U+00F3	ó	Latin-1	LATIN SMALL LETTER O WITH ACUTE	0.1823	0.0000		1
U+00F4	ô	Latin-1	LATIN SMALL LETTER O WITH CIRCUMFLEX	0.1943	0.0000		1
U+00F5	õ	Latin-1	LATIN SMALL LETTER O WITH TILDE	0.1991	0.0000		1
U+00F6	ö	Latin-1	LATIN SMALL LETTER O WITH DIAERESIS	0.1904	0.0000		1
U+00F7	÷	Latin-1	DIVISION SIGN	0.0870	0.0000		1
U+00F8	ø	Latin-1	LATIN SMALL LETTER O WITH STROKE	0.2063	0.0000		1
U+00F9	ù	Latin-1	LATIN SMALL LETTER U WITH GRAVE	0.1742	0.0000		1
U+00FA	ú	Latin-1	LATIN SMALL LETTER U WITH ACUTE	0.1742	0.0000		1
U+00FB	û	Latin-1	LATIN SMALL LETTER U WITH CIRCUMFLEX	0.1862	0.0000		1
U+00FC	ü	Latin-1	LATIN SMALL LETTER U WITH DIAERESIS	0.1823	0.0000		1
U+00FD	ý	Latin-1	LATIN SMALL LETTER Y WITH ACUTE	0.1890	0.0000		1
U+00FE	þ	Latin-1	LATIN SMALL LETTER THORN	0.2301	0.0000		1
U+00FF	ÿ	Latin-1	LATIN SMALL LETTER Y WITH DIAERESIS	0.1971	0.0000		1
U+0100	Ā	Latin Ext-A	LATIN CAPITAL LETTER A WITH MACRON	0.2385	0.0000		0
U+0101	ā	Latin Ext-A	LATIN SMALL LETTER A WITH MACRON	0.2040	0.0000		0
U+0102	Ă	Latin Ext-A	LATIN CAPITAL LETTER A WITH BREVE	0.2382	0.0000		0
U+0103	ă	Latin Ext-A	LATIN SMALL LETTER A WITH BREVE	0.2083	0.0000		0
U+0104	Ą	Latin Ext-A	LATIN CAPITAL LETTER A WITH OGONEK	0.2331	0.0061		0
U+0105	ą	Latin Ext-A	LATIN SMALL LETTER A WITH OGONEK	0.2001	0.0000		0
U+0106	Ć	Latin Ext-A	LATIN CAPITAL LETTER C WITH ACUTE	0.1615	0.0000		0
U+0107	ć	Latin Ext-A	LATIN SMALL LETTER C WITH ACUTE	0.1358	0.0000		0
U+0108	Ĉ	Latin Ext-A	LATIN CAPITAL LETTER C WITH CIRCUMFLEX	0.1714	0.0331		0
U+0109	ĉ	Latin Ext-A	LATIN SMALL LETTER C WITH CIRCUMFLEX	0.1477	0.0000		0
U+010A	Ċ	Latin Ext-A	LATIN CAPITAL LETTER C WITH DOT ABOVE	0.1641	0.0000		0
U+010B	ċ	Latin Ext-A	LATIN SMALL LETTER C WITH DOT ABOVE	0.1294	0.0000		0
U+010C	Č	Latin Ext-A	LATIN CAPITAL LETTER C WITH CARON	0.1703	0.0396		0
U+010D	č	Latin Ext-A	LATIN SMALL LETTER C WITH CARON	0.1477	0.0000		0
U+010E	Ď	Latin Ext-A	LATIN CAPITAL LETTER D WITH CARON	0.2480	0.0275		0
U+010F	ď	Latin Ext-A	LATIN SMALL LETTER D WITH CARON	0.2190	0.0232		0
U+0110	Đ	Latin Ext-A	LATIN CAPITAL LETTER D WITH STROKE	0.2463	0.0000	U+00D0	0
U+0111	đ	Latin Ext-A	LATIN SMALL LETTER D WITH STROKE	0.2259	0.0041		0
U+0112	Ē	Latin Ext-A	LATIN CAPITAL LETTER E WITH MACRON	0.2262	0.0000		0
U+0113	ē	Latin Ext-A	LATIN SMALL LETTER E WITH MACRON	0.1994	0.0000		0
U+0114	Ĕ	Latin Ext-A	LATIN CAPITAL LETTER E WITH BREVE	0.2259	0.0000		0
U+0115	ĕ	Latin Ext-A	LATIN SMALL LETTER E WITH BREVE	0.2037	0.0000		0
U+0116	Ė	Latin Ext-A	LATIN CAPITAL LETTER E WITH DOT ABOVE	0.2121	0.0000		0
U+0117	ė	Latin Ext-A	LATIN SMALL LETTER E WITH DOT ABOVE	0.1853	0.0000		0
U+0118	Ę	Latin Ext-A	LATIN CAPITAL LETTER E WITH OGONEK	0.2223	0.0000		0
U+0119	ę	Latin Ext-A	LATIN SMALL LETTER E WITH OGONEK	0.1955	0.0000		0
U+011A	Ě	Latin Ext-A	LATIN CAPITAL LETTER E WITH CARON	0.2183	0.0311		0
U+011B	ě	Latin Ext-A	LATIN SMALL LETTER E WITH CARON	0.2036	0.0000		0
U+011C	Ĝ	Latin Ext-A	LATIN CAPITAL LETTER G WITH CIRCUMFLEX	0.2164	0.0264		0
U+011D	ĝ	Latin Ext-A	LATIN SMALL LETTER G WITH CIRCUMFLEX	0.2562	0.0000		0
U+011E	Ğ	Latin Ext-A	LATIN CAPITAL LETTER G WITH BREVE	0.2229	0.0000		0
U+011F	ğ	Latin Ext-A	LATIN SMALL LETTER G WITH BREVE	0.2563	0.0000		0
U+0120	Ġ	Latin Ext-A	LATIN CAPITAL LETTER G WITH DOT ABOVE	0.2091	0.0000		0
U+0121	ġ	Latin Ext-A	LATIN SMALL LETTER G WITH DOT ABOVE	0.2378	0.0000		0
U+0122	Ģ	Latin Ext-A	LATIN CAPITAL LETTER G WITH CEDILLA	0.2175	0.0000		0
U+0123	ģ	Latin Ext-A	LATIN SMALL LETTER G WITH CEDILLA	0.2441	0.0000		0
U+0124	Ĥ	Latin Ext-A	LATIN CAPITAL LETTER H WITH CIRCUMFLEX	0.2462	0.0233		0
U+0125	ĥ	Latin Ext-A	LATIN SMALL LETTER H WITH CIRCUMFLEX	0.2018	0.0283		0
U+0126	Ħ	Latin Ext-A	LATIN CAPITAL LETTER H WITH STROKE	0.2620	0.0031		0
U+0127	ħ	Latin Ext-A	LATIN SMALL LETTER H WITH STROKE	0.2029	0.0000		0
U+0128	Ĩ	Latin Ext-A	LATIN CAPITAL LETTER I WITH TILDE	0.1926	0.0000		0
U+0129	ĩ	Latin Ext-A	LATIN SMALL LETTER I WITH TILDE	0.1543	0.0000		0
U+012A	Ī	Latin Ext-A	LATIN CAPITAL LETTER I WITH MACRON	0.1880	0.0000		0
U+012B	ī	Latin Ext-A	LATIN SMALL LETTER I WITH MACRON	0.1452	0.0000		0
U+012C	Ĭ	Latin Ext-A	LATIN CAPITAL LETTER I WITH BREVE	0.1877	0.0000		0
U+012D	ĭ	Latin Ext-A	LATIN SMALL LETTER I WITH BREVE	0.1496	0.0000		0
U+012E	Į	Latin Ext-A	LATIN CAPITAL LETTER I WITH OGONEK	0.1841	0.0000		0
U+012F	į	Latin Ext-A	LATIN SMALL LETTER I WITH OGONEK	0.1547	0.0000		0
U+0130	İ	Latin Ext-A	LATIN CAPITAL LETTER I WITH DOT ABOVE	0.1739	0.0000		0
U+0131	ı	Latin Ext-A	LATIN SMALL LETTER DOTLESS I	0.1162	0.0000		0
U+0132	Ĳ	Latin Ext-A	LATIN CAPITAL LIGATURE IJ	0.2084	0.0247		0
U+0133	ĳ	Latin Ext-A	LATIN SMALL LIGATURE IJ	0.2428	0.0007		0
U+0134	Ĵ	Latin Ext-A	LATIN CAPITAL LETTER J WITH CIRCUMFLEX	0.1661	0.0342		0
U+0135	ĵ	Latin Ext-A	LATIN SMALL LETTER J WITH CIRCUMFLEX	0.1573	0.0000		0
U+0136	Ķ	Latin Ext-A	LATIN CAPITAL LETTER K WITH CEDILLA	0.2436	0.0001		0
U+0137	ķ	Latin Ext-A	LATIN SMALL LETTER K WITH CEDILLA	0.2067	0.0000		0
U+0138	ĸ	Latin Ext-A	LATIN SMALL LETTER KRA	0.1557	0.0000		0
U+0139	Ĺ	Latin Ext-A	LATIN CAPITAL LETTER L WITH ACUTE	0.1462	0.0000		0
U+013A	ĺ	Latin Ext-A	LATIN SMALL LETTER L WITH ACUTE	0.1339	0.0000		0
U+013B	Ļ	Latin Ext-A	LATIN CAPITAL LETTER L WITH CEDILLA	0.1572	0.0000		0
U+013C	ļ	Latin Ext-A	LATIN SMALL LETTER L WITH CEDILLA	0.1449	0.0000		0
U+013D	Ľ	Latin Ext-A	LATIN CAPITAL LETTER L WITH CARON	0.1552	0.0000		0
U+013E	ľ	Latin Ext-A	LATIN SMALL LETTER L WITH CARON	0.1429	0.0000		0
U+013F	Ŀ	Latin Ext-A	LATIN CAPITAL LETTER L WITH MIDDLE DOT	0.1582	0.0000		0
U+0140	ŀ	Latin Ext-A	LATIN SMALL LETTER L WITH MIDDLE DOT	0.1460	0.0000		0
U+0141	Ł	Latin Ext-A	LATIN CAPITAL LETTER L WITH STROKE	0.1631	0.0002		0
U+0142	ł	Latin Ext-A	LATIN SMALL LETTER L WITH STROKE	0.1590	0.0000		0
U+0143	Ń	Latin Ext-A	LATIN CAPITAL LETTER N WITH ACUTE	0.2743	0.0000		0
U+0144	ń	Latin Ext-A	LATIN SMALL LETTER N WITH ACUTE	0.1741	0.0000		0
U+0145	Ņ	Latin Ext-A	LATIN CAPITAL LETTER N WITH CEDILLA	0.2853	0.0000		0
U+0146	ņ	Latin Ext-A	LATIN SMALL LETTER N WITH CEDILLA	0.1762	0.0000		0
U+0147	Ň	Latin Ext-A	LATIN CAPITAL LETTER N WITH CARON	0.2830	0.0242		0
U+0148	ň	Latin Ext-A	LATIN SMALL LETTER N WITH CARON	0.1861	0.0000		0
U+0149	ŉ	Latin Ext-A	LATIN SMALL LETTER N PRECEDED BY APOSTROPHE	0.1956	0.0000		0
U+014A	Ŋ	Latin Ext-A	LATIN CAPITAL LETTER ENG	0.2566	0.0000		0
U+014B	ŋ	Latin Ext-A	LATIN SMALL LETTER ENG	0.1917	0.0000		0
U+014C	Ō	Latin Ext-A	LATIN CAPITAL LETTER O WITH MACRON	0.2423	0.0000		0
U+014D	ō	Latin Ext-A	LATIN SMALL LETTER O WITH MACRON	0.1900	0.0000		0
U+014E	Ŏ	Latin Ext-A	LATIN CAPITAL LETTER O WITH BREVE	0.2420	0.0000		0
U+014F	ŏ	Latin Ext-A	LATIN SMALL LETTER O WITH BREVE	0.1944	0.0000		0
U+0150	Ő	Latin Ext-A	LATIN CAPITAL LETTER O WITH DOUBLE ACUTE	0.2381	0.0000		0
U+0151	ő	Latin Ext-A	LATIN SMALL LETTER O WITH DOUBLE ACUTE	0.1987	0.0000		0
U+0152	Œ	Latin Ext-A	LATIN CAPITAL LIGATURE OE	0.2590	0.0007		0
U+0153	œ	Latin Ext-A	LATIN SMALL LIGATURE OE	0.2241	0.0000		0
U+0154	Ŕ	Latin Ext-A	LATIN CAPITAL LETTER R WITH ACUTE	0.2475	0.0005		0
U+0155	ŕ	Latin Ext-A	LATIN SMALL LETTER R WITH ACUTE	0.1201	0.0000		0
U+0156	Ŗ	Latin Ext-A	LATIN CAPITAL LETTER R WITH CEDILLA	0.2585	0.0005		0
U+0157	ŗ	Latin Ext-A	LATIN SMALL LETTER R WITH CEDILLA	0.1221	0.0000		0
U+0158	Ř	Latin Ext-A	LATIN CAPITAL LETTER R WITH CARON	0.2562	0.0271		0
U+0159	ř	Latin Ext-A	LATIN SMALL LETTER R WITH CARON	0.1320	0.0000		0
U+015A	Ś	Latin Ext-A	LATIN CAPITAL LETTER S WITH ACUTE	0.1936	0.0000		0
U+015B	ś	Latin Ext-A	LATIN SMALL LETTER S WITH ACUTE	0.1576	0.0000		0
U+015C	Ŝ	Latin Ext-A	LATIN CAPITAL LETTER S WITH CIRCUMFLEX	0.2034	0.0281		0
U+015D	ŝ	Latin Ext-A	LATIN SMALL LETTER S WITH CIRCUMFLEX	0.1695	0.0000		0
U+015E	Ş	Latin Ext-A	LATIN CAPITAL LETTER S WITH CEDILLA	0.2080	0.0000		0
U+015F	ş	Latin Ext-A	LATIN SMALL LETTER S WITH CEDILLA	0.1631	0.0000		0
U+0160	Š	Latin Ext-A	LATIN CAPITAL LETTER S WITH CARON	0.2023	0.0335		0
U+0161	š	Latin Ext-A	LATIN SMALL LETTER S WITH CARON	0.1695	0.0000		0
U+0162	Ţ	Latin Ext-A	LATIN CAPITAL LETTER T WITH CEDILLA	0.1710	0.0000		0
U+0163	ţ	Latin Ext-A	LATIN SMALL LETTER T WITH CEDILLA	0.1622	0.0000		0
U+0164	Ť	Latin Ext-A	LATIN CAPITAL LETTER T WITH CARON	0.1653	0.0407		0
U+0165	ť	Latin Ext-A	LATIN SMALL LETTER T WITH CARON	0.1568	0.0000		0
U+0166	Ŧ	Latin Ext-A	LATIN CAPITAL LETTER T WITH STROKE	0.1699	0.0000		0
U+0167	ŧ	Latin Ext-A	LATIN SMALL LETTER T WITH STROKE	0.1576	0.0000		0
U+0168	Ũ	Latin Ext-A	LATIN CAPITAL LETTER U WITH TILDE	0.2377	0.0000		0
U+0169	ũ	Latin Ext-A	LATIN SMALL LETTER U WITH TILDE	0.1910	0.0000		0
U+016A	Ū	Latin Ext-A	LATIN CAPITAL LETTER U WITH MACRON	0.2331	0.0000		0
U+016B	ū	Latin Ext-A	LATIN SMALL LETTER U WITH MACRON	0.1819	0.0000		0
U+016C	Ŭ	Latin Ext-A	LATIN CAPITAL LETTER U WITH BREVE	0.2328	0.0000		0
U+016D	ŭ	Latin Ext-A	LATIN SMALL LETTER U WITH BREVE	0.1863	0.0000		0
U+016E	Ů	Latin Ext-A	LATIN CAPITAL LETTER U WITH RING ABOVE	0.2601	0.0000		0
U+016F	ů	Latin Ext-A	LATIN SMALL LETTER U WITH RING ABOVE	0.2091	0.0000		0
U+0170	Ű	Latin Ext-A	LATIN CAPITAL LETTER U WITH DOUBLE ACUTE	0.2288	0.0000		0
U+0171	ű	Latin Ext-A	LATIN SMALL LETTER U WITH DOUBLE ACUTE	0.1906	0.0000		0
U+0172	Ų	Latin Ext-A	LATIN CAPITAL LETTER U WITH OGONEK	0.2292	0.0000		0
U+0173	ų	Latin Ext-A	LATIN SMALL LETTER U WITH OGONEK	0.1780	0.0000		0
U+0174	Ŵ	Latin Ext-A	LATIN CAPITAL LETTER W WITH CIRCUMFLEX	0.2822	0.0217		0
U+0175	ŵ	Latin Ext-A	LATIN SMALL LETTER W WITH CIRCUMFLEX	0.2147	0.0011		0
U+0176	Ŷ	Latin Ext-A	LATIN CAPITAL LETTER Y WITH CIRCUMFLEX	0.1707	0.0333		0
U+0177	ŷ	Latin Ext-A	LATIN SMALL LETTER Y WITH CIRCUMFLEX	0.2009	0.0000		0
U+0178	Ÿ	Latin Ext-A	LATIN CAPITAL LETTER Y WITH DIAERESIS	0.1779	0.0000		0
U+0179	Ź	Latin Ext-A	LATIN CAPITAL LETTER Z WITH ACUTE	0.1962	0.0000		0
U+017A	ź	Latin Ext-A	LATIN SMALL LETTER Z WITH ACUTE	0.1572	0.0000		0
U+017B	Ż	Latin Ext-A	LATIN CAPITAL LETTER Z WITH DOT ABOVE	0.1987	0.0000		0
U+017C	ż	Latin Ext-A	LATIN SMALL LETTER Z WITH DOT ABOVE	0.1508	0.0000		0
U+017D	Ž	Latin Ext-A	LATIN CAPITAL LETTER Z WITH CARON	0.2049	0.0331		0
U+017E	ž	Latin Ext-A	LATIN SMALL LETTER Z WITH CARON	0.1692	0.0000		0
U+017F	ſ	Latin Ext-A	LATIN SMALL LETTER LONG S	0.1218	0.0000		0
U+0180	ƀ	Latin Ext-B	LATIN SMALL LETTER B WITH STROKE	0.2291	0.0000		0
U+0181	Ɓ	Latin Ext-B	LATIN CAPITAL LETTER B WITH HOOK	0.2614	0.0000		0
U+0182	Ƃ	Latin Ext-B	LATIN CAPITAL LETTER B WITH TOPBAR	0.2294	0.0000		0
U+0183	ƃ	Latin Ext-B	LATIN SMALL LETTER B WITH TOPBAR	0.2374	0.0000		0
U+0184	Ƅ	Latin Ext-B	LATIN CAPITAL LETTER TONE SIX	0.2006	0.0000		0
U+0185	ƅ	Latin Ext-B	LATIN SMALL LETTER TONE SIX	0.2122	0.0000		0
U+0186	Ɔ	Latin Ext-B	LATIN CAPITAL LETTER OPEN O	0.1491	0.0000		0
U+0187	Ƈ	Latin Ext-B	LATIN CAPITAL LETTER C WITH HOOK	0.1674	0.0000		0
U+0188	ƈ	Latin Ext-B	LATIN SMALL LETTER C WITH HOOK	0.1433	0.0000		0
U+0189	Ɖ	Latin Ext-B	LATIN CAPITAL LETTER AFRICAN D	0.2463	0.0000	U+00D0	0
U+018A	Ɗ	Latin Ext-B	LATIN CAPITAL LETTER D WITH HOOK	0.2453	0.0030		0
U+018B	Ƌ	Latin Ext-B	LATIN CAPITAL LETTER D WITH TOPBAR	0.2337	0.0000		0
U+018C	ƌ	Latin Ext-B	LATIN SMALL LETTER D WITH TOPBAR	0.2378	0.0000		0
U+018D	ƍ	Latin Ext-B	LATIN SMALL LETTER TURNED DELTA	0.2210	0.0000		0
U+018E	Ǝ	Latin Ext-B	LATIN CAPITAL LETTER REVERSED E	0.1972	0.0000		0
U+018F	Ə	Latin Ext-B	LATIN CAPITAL LETTER SCHWA	0.2121	0.0000		0
U+0190	Ɛ	Latin Ext-B	LATIN CAPITAL LETTER OPEN E	0.1722	0.0000		0
U+0191	Ƒ	Latin Ext-B	LATIN CAPITAL LETTER F WITH HOOK	0.1953	0.0000		0
U+0192	ƒ	Latin Ext-B	LATIN SMALL LETTER F WITH HOOK	0.1687	0.0000		0
U+0193	Ɠ	Latin Ext-B	LATIN CAPITAL LETTER G WITH HOOK	0.2174	0.0000		0
U+0194	Ɣ	Latin Ext-B	LATIN CAPITAL LETTER GAMMA	0.2474	0.0000		0
U+0195	ƕ	Latin Ext-B	LATIN SMALL LETTER HV	0.2069	0.0000		0
U+0196	Ɩ	Latin Ext-B	LATIN CAPITAL LETTER IOTA	0.1454	0.0000		0
U+0197	Ɨ	Latin Ext-B	LATIN CAPITAL LETTER I WITH STROKE	0.1936	0.0000		0
U+0198	Ƙ	Latin Ext-B	LATIN CAPITAL LETTER K WITH HOOK	0.2184	0.0000		0
U+0199	ƙ	Latin Ext-B	LATIN SMALL LETTER K WITH HOOK	0.1918	0.0000		0
U+019A	ƚ	Latin Ext-B	LATIN SMALL LETTER L WITH BAR	0.1406	0.0000		0
U+019B	ƛ	Latin Ext-B	LATIN SMALL LETTER LAMBDA WITH STROKE	0.1798	0.0000		0
U+019C	Ɯ	Latin Ext-B	LATIN CAPITAL LETTER TURNED M	0.2637	0.0000		0
U+019D	Ɲ	Latin Ext-B	LATIN CAPITAL LETTER N WITH LEFT HOOK	0.2593	0.0000		0
U+019E	ƞ	Latin Ext-B	LATIN SMALL LETTER N WITH LONG RIGHT LEG	0.1787	0.0000		0
U+019F	Ɵ	Latin Ext-B	LATIN CAPITAL LETTER O WITH MIDDLE TILDE	0.2545	0.0000		0
U+01A0	Ơ	Latin Ext-B	LATIN CAPITAL LETTER O WITH HORN	0.2351	0.0000		0
U+01A1	ơ	Latin Ext-B	LATIN SMALL LETTER O WITH HORN	0.1803	0.0000		0
U+01A2	Ƣ	Latin Ext-B	LATIN CAPITAL LETTER OI	0.2836	0.0000		0
U+01A3	ƣ	Latin Ext-B	LATIN SMALL LETTER OI	0.2391	0.0000		0
U+01A4	Ƥ	Latin Ext-B	LATIN CAPITAL LETTER P WITH HOOK	0.2075	0.0000		0
U+01A5	ƥ	Latin Ext-B	LATIN SMALL LETTER P WITH HOOK	0.2349	0.0000		0
U+01A6	Ʀ	Latin Ext-B	LATIN LETTER YR	0.2359	0.0005		0
U+01A7	Ƨ	Latin Ext-B	LATIN CAPITAL LETTER TONE TWO	0.1879	0.0000		0
U+01A8	ƨ	Latin Ext-B	LATIN SMALL LETTER TONE TWO	0.1405	0.0000		0
U+01A9	Ʃ	Latin Ext-B	LATIN CAPITAL LETTER ESH	0.1803	0.0000		0
U+01AA	ƪ	Latin Ext-B	LATIN LETTER REVERSED ESH LOOP	0.1783	0.0000		0
U+01AB	ƫ	Latin Ext-B	LATIN SMALL LETTER T WITH PALATAL HOOK	0.1706	0.0000		0
U+01AC	Ƭ	Latin Ext-B	LATIN CAPITAL LETTER T WITH HOOK	0.1554	0.0000		0
U+01AD	ƭ	Latin Ext-B	LATIN SMALL LETTER T WITH HOOK	0.1526	0.0000		0
U+01AE	Ʈ	Latin Ext-B	LATIN CAPITAL LETTER T WITH RETROFLEX HOOK	0.1888	0.0000		0
U+01AF	Ư	Latin Ext-B	LATIN CAPITAL LETTER U WITH HORN	0.2239	0.0015		0
U+01B0	ư	Latin Ext-B	LATIN SMALL LETTER U WITH HORN	0.1740	0.0000		0
U+01B1	Ʊ	Latin Ext-B	LATIN CAPITAL LETTER UPSILON	0.2229	0.0000		0
U+01B2	Ʋ	Latin Ext-B	LATIN CAPITAL LETTER V WITH HOOK	0.1877	0.0000		0
U+01B3	Ƴ	Latin Ext-B	LATIN CAPITAL LETTER Y WITH HOOK	0.1393	0.0000		0
U+01B4	ƴ	Latin Ext-B	LATIN SMALL LETTER Y WITH HOOK	0.1686	0.0004		0
U+01B5	Ƶ	Latin Ext-B	LATIN CAPITAL LETTER Z WITH STROKE	0.2140	0.0000		0
U+01B6	ƶ	Latin Ext-B	LATIN SMALL LETTER Z WITH STROKE	0.1713	0.0000		0
U+01B7	Ʒ	Latin Ext-B	LATIN CAPITAL LETTER EZH	0.2149	0.0000		0
U+01B8	Ƹ	Latin Ext-B	LATIN CAPITAL LETTER EZH REVERSED	0.2148	0.0000		0
U+01B9	ƹ	Latin Ext-B	LATIN SMALL LETTER EZH REVERSED	0.1871	0.0000		0
U+01BA	ƺ	Latin Ext-B	LATIN SMALL LETTER EZH WITH TAIL	0.1934	0.0000		0
U+01BB	ƻ	Latin Ext-B	LATIN LETTER TWO WITH STROKE	0.1994	0.0000		0
U+01BC	Ƽ	Latin Ext-B	LATIN CAPITAL LETTER TONE FIVE	0.2242	0.0000		0
U+01BD	ƽ	Latin Ext-B	LATIN SMALL LETTER TONE FIVE	0.1886	0.0000		0
U+01BE	ƾ	Latin Ext-B	LATIN LETTER INVERTED GLOTTAL STOP WITH STROKE	0.1522	0.0000		0
U+01BF	ƿ	Latin Ext-B	LATIN LETTER WYNN	0.2069	0.0000		0
U+01C0	ǀ	Latin Ext-B	LATIN LETTER DENTAL CLICK	0.0968	0.0000		0
U+01C1	ǁ	Latin Ext-B	LATIN LETTER LATERAL CLICK	0.1937	0.0000		0
U+01C2	ǂ	Latin Ext-B	LATIN LETTER ALVEOLAR CLICK	0.1729	0.0000		0
U+01C3	ǃ	Latin Ext-B	LATIN LETTER RETROFLEX CLICK	0.0815	0.0000		0
U+01CD	Ǎ	Latin Ext-B	LATIN CAPITAL LETTER A WITH CARON	0.2305	0.0295		0
U+01CE	ǎ	Latin Ext-B	LATIN SMALL LETTER A WITH CARON	0.2082	0.0000		0
U+01CF	Ǐ	Latin Ext-B	LATIN CAPITAL LETTER I WITH CARON	0.1801	0.0375		0
U+01D0	ǐ	Latin Ext-B	LATIN SMALL LETTER I WITH CARON	0.1495	0.0000		0
U+01D1	Ǒ	Latin Ext-B	LATIN CAPITAL LETTER O WITH CARON	0.2344	0.0291		0
U+01D2	ǒ	Latin Ext-B	LATIN SMALL LETTER O WITH CARON	0.1943	0.0000		0
U+01D3	Ǔ	Latin Ext-B	LATIN CAPITAL LETTER U WITH CARON	0.2252	0.0302		0
U+01D4	ǔ	Latin Ext-B	LATIN SMALL LETTER U WITH CARON	0.1862	0.0000		0
U+01D5	Ǖ	Latin Ext-B	LATIN CAPITAL LETTER U WITH DIAERESIS AND MACRON	0.2480	0.0553		0
U+01D6	ǖ	Latin Ext-B	LATIN SMALL LETTER U WITH DIAERESIS AND MACRON	0.2114	0.0000		0
U+01D7	Ǘ	Latin Ext-B	LATIN CAPITAL LETTER U WITH DIAERESIS AND ACUTE	0.2374	0.0346		0
U+01D8	ǘ	Latin Ext-B	LATIN SMALL LETTER U WITH DIAERESIS AND ACUTE	0.1990	0.0230		0
U+01D9	Ǚ	Latin Ext-B	LATIN CAPITAL LETTER U WITH DIAERESIS AND CARON	0.2394	0.0849		0
U+01DA	ǚ	Latin Ext-B	LATIN SMALL LETTER U WITH DIAERESIS AND CARON	0.2087	0.0318		0
U+01DB	Ǜ	Latin Ext-B	LATIN CAPITAL LETTER U WITH DIAERESIS AND GRAVE	0.2374	0.0344		0
U+01DC	ǜ	Latin Ext-B	LATIN SMALL LETTER U WITH DIAERESIS AND GRAVE	0.1990	0.0230		0
U+01DD	ǝ	Latin Ext-B	LATIN SMALL LETTER TURNED E	0.1704	0.0000		0
U+01DE	Ǟ	Latin Ext-B	LATIN CAPITAL LETTER A WITH DIAERESIS AND MACRON	0.2534	0.0542		0
U+01DF	ǟ	Latin Ext-B	LATIN SMALL LETTER A WITH DIAERESIS AND MACRON	0.2334	0.0000		0
U+01E0	Ǡ	Latin Ext-B	LATIN CAPITAL LETTER A WITH DOT ABOVE AND MACRON	0.2389	0.0573		0
U+01E1	ǡ	Latin Ext-B	LATIN SMALL LETTER A WITH DOT ABOVE AND MACRON	0.2189	0.0000		0
U+01E2	Ǣ	Latin Ext-B	LATIN CAPITAL LETTER AE WITH MACRON	0.2732	0.0000		0
U+01E3	ǣ	Latin Ext-B	LATIN SMALL LETTER AE WITH MACRON	0.2474	0.0000		0
U+01E6	Ǧ	Latin Ext-B	LATIN CAPITAL LETTER G WITH CARON	0.2153	0.0316		0
U+01E7	ǧ	Latin Ext-B	LATIN SMALL LETTER G WITH CARON	0.2562	0.0000		0
U+01E8	Ǩ	Latin Ext-B	LATIN CAPITAL LETTER K WITH CARON	0.2414	0.0284		0
U+01E9	ǩ	Latin Ext-B	LATIN SMALL LETTER K WITH CARON	0.2044	0.0332		0
U+01EA	Ǫ	Latin Ext-B	LATIN CAPITAL LETTER O WITH OGONEK	0.2384	0.0000		0
U+01EB	ǫ	Latin Ext-B	LATIN SMALL LETTER O WITH OGONEK	0.1861	0.0000		0
U+01EC	Ǭ	Latin Ext-B	LATIN CAPITAL LETTER O WITH OGONEK AND MACRON	0.2675	0.0000		0
U+01ED	ǭ	Latin Ext-B	LATIN SMALL LETTER O WITH OGONEK AND MACRON	0.2151	0.0000		0
U+01EE	Ǯ	Latin Ext-B	LATIN CAPITAL LETTER EZH WITH CARON	0.2360	0.0289		0
U+01EF	ǯ	Latin Ext-B	LATIN SMALL LETTER EZH WITH CARON	0.2205	0.0000		0
U+01F0	ǰ	Latin Ext-B	LATIN SMALL LETTER J WITH CARON	0.1573	0.0000		0
U+01F4	Ǵ	Latin Ext-B	LATIN CAPITAL LETTER G WITH ACUTE	0.2066	0.0000		0
U+01F5	ǵ	Latin Ext-B	LATIN SMALL LETTER G WITH ACUTE	0.2443	0.0000		0
U+01F6	Ƕ	Latin Ext-B	LATIN CAPITAL LETTER HWAIR	0.2467	0.0000		0
U+01F8	Ǹ	Latin Ext-B	LATIN CAPITAL LETTER N WITH GRAVE	0.2742	0.0000		0
U+01F9	ǹ	Latin Ext-B	LATIN SMALL LETTER N WITH GRAVE	0.1742	0.0000		0
U+01FC	Ǽ	Latin Ext-B	LATIN CAPITAL LETTER AE WITH ACUTE	0.2565	0.0000		0
U+01FD	ǽ	Latin Ext-B	LATIN SMALL LETTER AE WITH ACUTE	0.2398	0.0000		0
U+01FE	Ǿ	Latin Ext-B	LATIN CAPITAL LETTER O WITH STROKE AND ACUTE	0.2822	0.0000		0
U+01FF	ǿ	Latin Ext-B	LATIN SMALL LETTER O WITH STROKE AND ACUTE	0.2276	0.0000		0
U+0200	Ȁ	Latin Ext-B	LATIN CAPITAL LETTER A WITH DOUBLE GRAVE	0.2378	0.0012		0
U+0201	ȁ	Latin Ext-B	LATIN SMALL LETTER A WITH DOUBLE GRAVE	0.2122	0.0000		0
U+0202	Ȃ	Latin Ext-B	LATIN CAPITAL LETTER A WITH INVERTED BREVE	0.2370	0.0002		0
U+0203	ȃ	Latin Ext-B	LATIN SMALL LETTER A WITH INVERTED BREVE	0.2059	0.0000		0
U+0204	Ȅ	Latin Ext-B	LATIN CAPITAL LETTER E WITH DOUBLE GRAVE	0.2255	0.0012		0
U+0205	ȅ	Latin Ext-B	LATIN SMALL LETTER E WITH DOUBLE GRAVE	0.2076	0.0000		0
U+0206	Ȇ	Latin Ext-B	LATIN CAPITAL LETTER E WITH INVERTED BREVE	0.2248	0.0002		0
U+0207	ȇ	Latin Ext-B	LATIN SMALL LETTER E WITH INVERTED BREVE	0.2013	0.0000		0
U+0208	Ȉ	Latin Ext-B	LATIN CAPITAL LETTER I WITH DOUBLE GRAVE	0.1873	0.0015		0
U+0209	ȉ	Latin Ext-B	LATIN SMALL LETTER I WITH DOUBLE GRAVE	0.1534	0.0000		0
U+020A	Ȋ	Latin Ext-B	LATIN CAPITAL LETTER I WITH INVERTED BREVE	0.1865	0.0003		0
U+020B	ȋ	Latin Ext-B	LATIN SMALL LETTER I WITH INVERTED BREVE	0.1471	0.0000		0
U+020C	Ȍ	Latin Ext-B	LATIN CAPITAL LETTER O WITH DOUBLE GRAVE	0.2417	0.0011		0
U+020D	ȍ	Latin Ext-B	LATIN SMALL LETTER O WITH DOUBLE GRAVE	0.1982	0.0000		0
U+020E	Ȏ	Latin Ext-B	LATIN CAPITAL LETTER O WITH INVERTED BREVE	0.2409	0.0002		0
U+020F	ȏ	Latin Ext-B	LATIN SMALL LETTER O WITH INVERTED BREVE	0.1919	0.0000		0
U+0210	Ȑ	Latin Ext-B	LATIN CAPITAL LETTER R WITH DOUBLE GRAVE	0.2634	0.0015		0
U+0211	ȑ	Latin Ext-B	LATIN SMALL LETTER R WITH DOUBLE GRAVE	0.1360	0.0000		0
U+0212	Ȓ	Latin Ext-B	LATIN CAPITAL LETTER R WITH INVERTED BREVE	0.2627	0.0007		0
U+0213	ȓ	Latin Ext-B	LATIN SMALL LETTER R WITH INVERTED BREVE	0.1296	0.0000		0
U+0214	Ȕ	Latin Ext-B	LATIN CAPITAL LETTER U WITH DOUBLE GRAVE	0.2324	0.0012		0
U+0215	ȕ	Latin Ext-B	LATIN SMALL LETTER U WITH DOUBLE GRAVE	0.1901	0.0000		0
U+0216	Ȗ	Latin Ext-B	LATIN CAPITAL LETTER U WITH INVERTED BREVE	0.2317	0.0002		0
U+0217	ȗ	Latin Ext-B	LATIN SMALL LETTER U WITH INVERTED BREVE	0.1838	0.0000		0
U+0218	Ș	Latin Ext-B	LATIN CAPITAL LETTER S WITH COMMA BELOW	0.2046	0.0000		0
U+0219	ș	Latin Ext-B	LATIN SMALL LETTER S WITH COMMA BELOW	0.1596	0.0000		0
U+021A	Ț	Latin Ext-B	LATIN CAPITAL LETTER T WITH COMMA BELOW	0.1676	0.0000		0
U+021B	ț	Latin Ext-B	LATIN SMALL LETTER T WITH COMMA BELOW	0.1588	0.0000		0
U+021C	Ȝ	Latin Ext-B	LATIN CAPITAL LETTER YOGH	0.2024	0.0000		0
U+021D	ȝ	Latin Ext-B	LATIN SMALL LETTER YOGH	0.1455	0.0000		0
U+021E	Ȟ	Latin Ext-B	LATIN CAPITAL LETTER H WITH CARON	0.2451	0.0278		0
U+021F	ȟ	Latin Ext-B	LATIN SMALL LETTER H WITH CARON	0.2006	0.0338		0
U+0220	Ƞ	Latin Ext-B	LATIN CAPITAL LETTER N WITH LONG RIGHT LEG	0.2440	0.0000		0
U+0221	ȡ	Latin Ext-B	LATIN SMALL LETTER D WITH CURL	0.2270	0.0000		0
U+0224	Ȥ	Latin Ext-B	LATIN CAPITAL LETTER Z WITH HOOK	0.2233	0.0000		0
U+0225	ȥ	Latin Ext-B	LATIN SMALL LETTER Z WITH HOOK	0.1717	0.0000		0
U+0226	Ȧ	Latin Ext-B	LATIN CAPITAL LETTER A WITH DOT ABOVE	0.2244	0.0000		0
U+0227	ȧ	Latin Ext-B	LATIN SMALL LETTER A WITH DOT ABOVE	0.1899	0.0000		0
U+0228	Ȩ	Latin Ext-B	LATIN CAPITAL LETTER E WITH CEDILLA	0.2240	0.0000		0
U+0229	ȩ	Latin Ext-B	LATIN SMALL LETTER E WITH CEDILLA	0.1972	0.0000		0
U+022A	Ȫ	Latin Ext-B	LATIN CAPITAL LETTER O WITH DIAERESIS AND MACRON	0.2573	0.0534		0
U+022B	ȫ	Latin Ext-B	LATIN SMALL LETTER O WITH DIAERESIS AND MACRON	0.2195	0.0000		0
U+022C	Ȭ	Latin Ext-B	LATIN CAPITAL LETTER O WITH TILDE AND MACRON	0.2614	0.0526		0
U+022D	ȭ	Latin Ext-B	LATIN SMALL LETTER O WITH TILDE AND MACRON	0.2282	0.0000		0
U+022E	Ȯ	Latin Ext-B	LATIN CAPITAL LETTER O WITH DOT ABOVE	0.2282	0.0000		0
U+022F	ȯ	Latin Ext-B	LATIN SMALL LETTER O WITH DOT ABOVE	0.1759	0.0000		0
U+0230	Ȱ	Latin Ext-B	LATIN CAPITAL LETTER O WITH DOT ABOVE AND MACRON	0.2428	0.0564		0
U+0231	ȱ	Latin Ext-B	LATIN SMALL LETTER O WITH DOT ABOVE AND MACRON	0.2050	0.0000		0
U+0232	Ȳ	Latin Ext-B	LATIN CAPITAL LETTER Y WITH MACRON	0.1775	0.0000		0
U+0233	ȳ	Latin Ext-B	LATIN SMALL LETTER Y WITH MACRON	0.1966	0.0000		0
U+0234	ȴ	Latin Ext-B	LATIN SMALL LETTER L WITH CURL	0.1503	0.0000		0
U+0235	ȵ	Latin Ext-B	LATIN SMALL LETTER N WITH CURL	0.1768	0.0000		0
U+0236	ȶ	Latin Ext-B	LATIN SMALL LETTER T WITH CURL	0.1621	0.0000		0
U+0237	ȷ	Latin Ext-B	LATIN SMALL LETTER DOTLESS J	0.1241	0.0000		0
U+0238	ȸ	Latin Ext-B	LATIN SMALL LETTER DB DIGRAPH	0.1910	0.0000		0
U+0239	ȹ	Latin Ext-B	LATIN SMALL LETTER QP DIGRAPH	0.1910	0.0000		0
U+023A	Ⱥ	Latin Ext-B	LATIN CAPITAL LETTER A WITH STROKE	0.2467	0.0000		0
U+023B	Ȼ	Latin Ext-B	LATIN CAPITAL LETTER C WITH STROKE	0.2153	0.0000		0
U+023C	ȼ	Latin Ext-B	LATIN SMALL LETTER C WITH STROKE	0.1690	0.0000		0
U+023D	Ƚ	Latin Ext-B	LATIN CAPITAL LETTER L WITH BAR	0.1646	0.0000		0
U+023E	Ⱦ	Latin Ext-B	LATIN CAPITAL LETTER T WITH DIAGONAL STROKE	0.2016	0.0002		0
U+023F	ȿ	Latin Ext-B	LATIN SMALL LETTER S WITH SWASH TAIL	0.1819	0.0000		0
U+0240	ɀ	Latin Ext-B	LATIN SMALL LETTER Z WITH SWASH TAIL	0.1492	0.0000		0
U+0241	Ɂ	Latin Ext-B	LATIN CAPITAL LETTER GLOTTAL STOP	0.1663	0.0000		0
U+0243	Ƀ	Latin Ext-B	LATIN CAPITAL LETTER B WITH STROKE	0.2763	0.0000		0
U+0244	Ʉ	Latin Ext-B	LATIN CAPITAL LETTER U BAR	0.2491	0.0000		0
U+0245	Ʌ	Latin Ext-B	LATIN CAPITAL LETTER TURNED V	0.1773	0.0000		0
U+024C	Ɍ	Latin Ext-B	LATIN CAPITAL LETTER R WITH STROKE	0.2379	0.0005		0
U+024D	ɍ	Latin Ext-B	LATIN SMALL LETTER R WITH STROKE	0.1394	0.0000		0
U+0250	ɐ	IPA	LATIN SMALL LETTER TURNED A	0.1797	0.0000		0
U+0251	ɑ	IPA	LATIN SMALL LETTER ALPHA	0.1760	0.0000		0
U+0252	ɒ	IPA	LATIN SMALL LETTER TURNED ALPHA	0.1757	0.0000		0
U+0253	ɓ	IPA	LATIN SMALL LETTER B WITH HOOK	0.2155	0.0000		0
U+0254	ɔ	IPA	LATIN SMALL LETTER OPEN O	0.1148	0.0000		0
U+0255	ɕ	IPA	LATIN SMALL LETTER C WITH CURL	0.1562	0.0000		0
U+0256	ɖ	IPA	LATIN SMALL LETTER D WITH TAIL	0.2200	0.0000		0
U+0257	ɗ	IPA	LATIN SMALL LETTER D WITH HOOK	0.1957	0.0000		0
U+0258	ɘ	IPA	LATIN SMALL LETTER REVERSED E	0.1746	0.0000		0
U+0259	ə	IPA	LATIN SMALL LETTER SCHWA	0.1704	0.0000	U+01DD	0
U+025A	ɚ	IPA	LATIN SMALL LETTER SCHWA WITH HOOK	0.1699	0.0000		0
U+025B	ɛ	IPA	LATIN SMALL LETTER OPEN E	0.1374	0.0000		0
U+025C	ɜ	IPA	LATIN SMALL LETTER REVERSED OPEN E	0.1378	0.0000		0
U+025D	ɝ	IPA	LATIN SMALL LETTER REVERSED OPEN E WITH HOOK	0.1462	0.0000		0
U+025E	ɞ	IPA	LATIN SMALL LETTER CLOSED REVERSED OPEN E	0.1564	0.0000		0
U+025F	ɟ	IPA	LATIN SMALL LETTER DOTLESS J WITH STROKE	0.1593	0.0000		0
U+0260	ɠ	IPA	LATIN SMALL LETTER G WITH HOOK	0.2281	0.0000		0
U+0261	ɡ	IPA	LATIN SMALL LETTER SCRIPT G	0.2151	0.0000		0
U+0262	ɢ	IPA	LATIN LETTER SMALL CAPITAL G	0.1592	0.0000		0
U+0263	ɣ	IPA	LATIN SMALL LETTER GAMMA	0.2047	0.0000		0
U+0264	ɤ	IPA	LATIN SMALL LETTER RAMS HORN	0.1395	0.0000		0
U+0265	ɥ	IPA	LATIN SMALL LETTER TURNED H	0.1782	0.0000		0
U+0266	ɦ	IPA	LATIN SMALL LETTER H WITH HOOK	0.1915	0.0000		0
U+0267	ɧ	IPA	LATIN SMALL LETTER HENG WITH HOOK	0.2292	0.0000		0
U+0268	ɨ	IPA	LATIN SMALL LETTER I WITH STROKE	0.1645	0.0000		0
U+0269	ɩ	IPA	LATIN SMALL LETTER IOTA	0.0915	0.0000		0
U+026A	ɪ	IPA	LATIN LETTER SMALL CAPITAL I	0.1321	0.0000		0
U+026B	ɫ	IPA	LATIN SMALL LETTER L WITH MIDDLE TILDE	0.1666	0.0000		0
U+026C	ɬ	IPA	LATIN SMALL LETTER L WITH BELT	0.1675	0.0000		0
U+026D	ɭ	IPA	LATIN SMALL LETTER L WITH RETROFLEX HOOK	0.1447	0.0000		0
U+026E	ɮ	IPA	LATIN SMALL LETTER LEZH	0.2463	0.0000		0
U+026F	ɯ	IPA	LATIN SMALL LETTER TURNED M	0.2028	0.0000		0
U+0270	ɰ	IPA	LATIN SMALL LETTER TURNED M WITH LONG LEG	0.2272	0.0000		0
U+0271	ɱ	IPA	LATIN SMALL LETTER M WITH HOOK	0.2375	0.0000		0
U+0272	ɲ	IPA	LATIN SMALL LETTER N WITH LEFT HOOK	0.1776	0.0000		0
U+0273	ɳ	IPA	LATIN SMALL LETTER N WITH RETROFLEX HOOK	0.1757	0.0000		0
U+0274	ɴ	IPA	LATIN LETTER SMALL CAPITAL N	0.2089	0.0000		0
U+0275	ɵ	IPA	LATIN SMALL LETTER BARRED O	0.1961	0.0000		0
U+0276	ɶ	IPA	LATIN LETTER SMALL CAPITAL OE	0.2100	0.0000		0
U+0277	ɷ	IPA	LATIN SMALL LETTER CLOSED OMEGA	0.1791	0.0000		0
U+0278	ɸ	IPA	LATIN SMALL LETTER PHI	0.3154	0.0000		0
U+0279	ɹ	IPA	LATIN SMALL LETTER TURNED R	0.1002	0.0000		0
U+027A	ɺ	IPA	LATIN SMALL LETTER TURNED R WITH LONG LEG	0.1268	0.0000		0
U+027B	ɻ	IPA	LATIN SMALL LETTER TURNED R WITH HOOK	0.1327	0.0000		0
U+027C	ɼ	IPA	LATIN SMALL LETTER R WITH LONG LEG	0.1258	0.0000		0
U+027D	ɽ	IPA	LATIN SMALL LETTER R WITH TAIL	0.1408	0.0000		0
U+027E	ɾ	IPA	LATIN SMALL LETTER R WITH FISHHOOK	0.1147	0.0000		0
U+027F	ɿ	IPA	LATIN SMALL LETTER REVERSED R WITH FISHHOOK	0.1146	0.0000		0
U+0280	ʀ	IPA	LATIN LETTER SMALL CAPITAL R	0.1694	0.0000		0
U+0281	ʁ	IPA	LATIN LETTER SMALL CAPITAL INVERTED R	0.1696	0.0000		0
U+0282	ʂ	IPA	LATIN SMALL LETTER S WITH HOOK	0.1863	0.0000		0
U+0283	ʃ	IPA	LATIN SMALL LETTER ESH	0.1455	0.0000		0
U+0284	ʄ	IPA	LATIN SMALL LETTER DOTLESS J WITH STROKE AND HOOK	0.1986	0.0000		0
U+0285	ʅ	IPA	LATIN SMALL LETTER SQUAT REVERSED ESH	0.1198	0.0000		0
U+0286	ʆ	IPA	LATIN SMALL LETTER ESH WITH CURL	0.1779	0.0000		0
U+0287	ʇ	IPA	LATIN SMALL LETTER TURNED T	0.1328	0.0000		0
U+0288	ʈ	IPA	LATIN SMALL LETTER T WITH RETROFLEX HOOK	0.1578	0.0000		0
U+0289	ʉ	IPA	LATIN SMALL LETTER U BAR	0.2011	0.0050		0
U+028A	ʊ	IPA	LATIN SMALL LETTER UPSILON	0.1844	0.0000		0
U+028B	ʋ	IPA	LATIN SMALL LETTER V WITH HOOK	0.1486	0.0000		0
U+028C	ʌ	IPA	LATIN SMALL LETTER TURNED V	0.1346	0.0000		0
U+028D	ʍ	IPA	LATIN SMALL LETTER TURNED W	0.1873	0.0001		0
U+028E	ʎ	IPA	LATIN SMALL LETTER TURNED Y	0.1630	0.0000		0
U+028F	ʏ	IPA	LATIN LETTER SMALL CAPITAL Y	0.1137	0.0000		0
U+0290	ʐ	IPA	LATIN SMALL LETTER Z WITH RETROFLEX HOOK	0.1433	0.0000		0
U+0291	ʑ	IPA	LATIN SMALL LETTER Z WITH CURL	0.1745	0.0000		0
U+0292	ʒ	IPA	LATIN SMALL LETTER EZH	0.1873	0.0000		0
U+0293	ʓ	IPA	LATIN SMALL LETTER EZH WITH CURL	0.2242	0.0000		0
U+0294	ʔ	IPA	LATIN LETTER GLOTTAL STOP	0.1342	0.0000		0
U+0295	ʕ	IPA	LATIN LETTER PHARYNGEAL VOICED FRICATIVE	0.1334	0.0000		0
U+0296	ʖ	IPA	LATIN LETTER INVERTED GLOTTAL STOP	0.1343	0.0000		0
U+0297	ʗ	IPA	LATIN LETTER STRETCHED C	0.1714	0.0000		0
U+0298	ʘ	IPA	LATIN LETTER BILABIAL CLICK	0.1694	0.0000		0
U+0299	ʙ	IPA	LATIN LETTER SMALL CAPITAL B	0.1876	0.0000		0
U+029A	ʚ	IPA	LATIN SMALL LETTER CLOSED OPEN E	0.1566	0.0000		0
U+029B	ʛ	IPA	LATIN LETTER SMALL CAPITAL G WITH HOOK	0.1790	0.0000		0
U+029C	ʜ	IPA	LATIN LETTER SMALL CAPITAL H	0.1777	0.0000		0
U+029D	ʝ	IPA	LATIN SMALL LETTER J WITH CROSSED-TAIL	0.1681	0.0000		0
U+029E	ʞ	IPA	LATIN SMALL LETTER TURNED K	0.1773	0.0000		0
U+029F	ʟ	IPA	LATIN LETTER SMALL CAPITAL L	0.1033	0.0000		0
U+02A0	ʠ	IPA	LATIN SMALL LETTER Q WITH HOOK	0.2303	0.0000		0
U+02A1	ʡ	IPA	LATIN LETTER GLOTTAL STOP WITH STROKE	0.1581	0.0000		0
U+02A2	ʢ	IPA	LATIN LETTER REVERSED GLOTTAL STOP WITH STROKE	0.1574	0.0000		0
U+02A3	ʣ	IPA	LATIN SMALL LETTER DZ DIGRAPH	0.2189	0.0000		0
U+02A4	ʤ	IPA	LATIN SMALL LETTER DEZH DIGRAPH	0.2386	0.0000		0
U+02A5	ʥ	IPA	LATIN SMALL LETTER DZ DIGRAPH WITH CURL	0.2288	0.0000		0
U+02A6	ʦ	IPA	LATIN SMALL LETTER TS DIGRAPH	0.1594	0.0000		0
U+02A7	ʧ	IPA	LATIN SMALL LETTER TESH DIGRAPH	0.1936	0.0000		0
U+02A8	ʨ	IPA	LATIN SMALL LETTER TC DIGRAPH WITH CURL	0.1679	0.0000		0
U+02A9	ʩ	IPA	LATIN SMALL LETTER FENG DIGRAPH	0.1941	0.0000		0
U+02AA	ʪ	IPA	LATIN SMALL LETTER LS DIGRAPH	0.1766	0.0000		0
U+02AB	ʫ	IPA	LATIN SMALL LETTER LZ DIGRAPH	0.1747	0.0000		0
U+02AC	ʬ	IPA	LATIN LETTER BILABIAL PERCUSSIVE	0.1653	0.0000		0
U+02AD	ʭ	IPA	LATIN LETTER BIDENTAL PERCUSSIVE	0.1466	0.0000		0
U+02AE	ʮ	IPA	LATIN SMALL LETTER TURNED H WITH FISHHOOK	0.1613	0.0000		0
U+02AF	ʯ	IPA	LATIN SMALL LETTER TURNED H WITH FISHHOOK AND TAIL	0.1325	0.0000		0
U+02B0	ʰ	Spacing Modifiers	MODIFIER LETTER SMALL H	0.0605	0.0000		0
U+02B1	ʱ	Spacing Modifiers	MODIFIER LETTER SMALL H WITH HOOK	0.0697	0.0000		0
U+02B2	ʲ	Spacing Modifiers	MODIFIER LETTER SMALL J	0.0391	0.0000		0
U+02B3	ʳ	Spacing Modifiers	MODIFIER LETTER SMALL R	0.0325	0.0000		0
U+02B4	ʴ	Spacing Modifiers	MODIFIER LETTER SMALL TURNED R	0.0324	0.0000		0
U+02B5	ʵ	Spacing Modifiers	MODIFIER LETTER SMALL TURNED R WITH HOOK	0.0439	0.0000		0
U+02B6	ʶ	Spacing Modifiers	MODIFIER LETTER SMALL CAPITAL INVERTED R	0.0599	0.0000		0
U+02B7	ʷ	Spacing Modifiers	MODIFIER LETTER SMALL W	0.0826	0.0000		0
U+02B8	ʸ	Spacing Modifiers	MODIFIER LETTER SMALL Y	0.0577	0.0000		0
U+02B9	ʹ	Spacing Modifiers	MODIFIER LETTER PRIME	0.0266	0.0000		0
U+02BB	ʻ	Spacing Modifiers	MODIFIER LETTER TURNED COMMA	0.0426	0.0000		0
U+02BC	ʼ	Spacing Modifiers	MODIFIER LETTER APOSTROPHE	0.0427	0.0000		0
U+02BD	ʽ	Spacing Modifiers	MODIFIER LETTER REVERSED COMMA	0.0317	0.0000		0
U+02BE	ʾ	Spacing Modifiers	MODIFIER LETTER RIGHT HALF RING	0.0263	0.0000		0
U+02BF	ʿ	Spacing Modifiers	MODIFIER LETTER LEFT HALF RING	0.0265	0.0000		0
U+02C0	ˀ	Spacing Modifiers	MODIFIER LETTER GLOTTAL STOP	0.0473	0.0000		0
U+02C1	ˁ	Spacing Modifiers	MODIFIER LETTER REVERSED GLOTTAL STOP	0.0471	0.0000		0
U+02C6	ˆ	Spacing Modifiers	MODIFIER LETTER CIRCUMFLEX ACCENT	0.0333	0.0000		0
U+02C7	ˇ	Spacing Modifiers	CARON	0.0333	0.0000		0
U+02C8	ˈ	Spacing Modifiers	MODIFIER LETTER VERTICAL LINE	0.0232	0.0000		0
U+02C9	ˉ	Spacing Modifiers	MODIFIER LETTER MACRON	0.0290	0.0000	U+00AF	0
U+02CC	ˌ	Spacing Modifiers	MODIFIER LETTER LOW VERTICAL LINE	0.0232	0.0000		0
U+02CD	ˍ	Spacing Modifiers	MODIFIER LETTER LOW MACRON	0.0290	0.0000		0
U+02CE	ˎ	Spacing Modifiers	MODIFIER LETTER LOW GRAVE ACCENT	0.0213	0.0000		0
U+02CF	ˏ	Spacing Modifiers	MODIFIER LETTER LOW ACUTE ACCENT	0.0213	0.0000		0
U+02D0	ː	Spacing Modifiers	MODIFIER LETTER TRIANGULAR COLON	0.0376	0.0000		0
U+02D1	ˑ	Spacing Modifiers	MODIFIER LETTER HALF TRIANGULAR COLON	0.0189	0.0000		0
U+02D2	˒	Spacing Modifiers	MODIFIER LETTER CENTRED RIGHT HALF RING	0.0263	0.0000		0
U+02D3	˓	Spacing Modifiers	MODIFIER LETTER CENTRED LEFT HALF RING	0.0265	0.0000		0
U+02D6	˖	Spacing Modifiers	MODIFIER LETTER PLUS SIGN	0.0504	0.0000		0
U+02D7	˗	Spacing Modifiers	MODIFIER LETTER MINUS SIGN	0.0216	0.0000		0
U+02D8	˘	Spacing Modifiers	BREVE	0.0334	0.0000		0
U+02D9	˙	Spacing Modifiers	DOT ABOVE	0.0149	0.0000		0
U+02DA	˚	Spacing Modifiers	RING ABOVE	0.0562	0.0000		0
U+02DB	˛	Spacing Modifiers	OGONEK	0.0251	0.0000		0
U+02DC	˜	Spacing Modifiers	SMALL TILDE	0.0381	0.0000		0
U+02DD	˝	Spacing Modifiers	DOUBLE ACUTE ACCENT	0.0377	0.0000		0
U+02DE	˞	Spacing Modifiers	MODIFIER LETTER RHOTIC HOOK	0.0634	0.2276		0
U+02E0	ˠ	Spacing Modifiers	MODIFIER LETTER SMALL GAMMA	0.0721	0.0000		0
U+02E1	ˡ	Spacing Modifiers	MODIFIER LETTER SMALL L	0.0418	0.0000		0
U+02E2	ˢ	Spacing Modifiers	MODIFIER LETTER SMALL S	0.0507	0.0000		0
U+02E3	ˣ	Spacing Modifiers	MODIFIER LETTER SMALL X	0.0515	0.0000		0
U+02E4	ˤ	Spacing Modifiers	MODIFIER LETTER SMALL REVERSED GLOTTAL STOP	0.0471	0.0000		0
U+02E5	˥	Spacing Modifiers	MODIFIER LETTER EXTRA-HIGH TONE BAR	0.0811	0.0000		0
U+02E6	˦	Spacing Modifiers	MODIFIER LETTER HIGH TONE BAR	0.0812	0.0000		0
U+02E7	˧	Spacing Modifiers	MODIFIER LETTER MID TONE BAR	0.0814	0.0000		0
U+02E8	˨	Spacing Modifiers	MODIFIER LETTER LOW TONE BAR	0.0814	0.0000		0
U+02E9	˩	Spacing Modifiers	MODIFIER LETTER EXTRA-LOW TONE BAR	0.0813	0.0000		0
U+02EE	ˮ	Spacing Modifiers	MODIFIER LETTER DOUBLE APOSTROPHE	0.0854	0.0000		0
U+02F3	˳	Spacing Modifiers	MODIFIER LETTER LOW RING	0.0310	0.0000		0
U+0374	ʹ	Greek	GREEK NUMERAL SIGN	0.0266	0.0000	U+02B9	0
U+0375	͵	Greek	GREEK LOWER NUMERAL SIGN	0.0266	0.0000		1
U+0376	Ͷ	Greek	GREEK CAPITAL LETTER PAMPHYLIAN DIGAMMA	0.2635	0.0000		1
U+0377	ͷ	Greek	GREEK SMALL LETTER PAMPHYLIAN DIGAMMA	0.1830	0.0000		1
U+037A	ͺ	Greek	GREEK YPOGEGRAMMENI	0.0167	0.0000		1
U+037B	ͻ	Greek	GREEK SMALL REVERSED LUNATE SIGMA SYMBOL	0.1148	0.0000	U+0254	0
U+037C	ͼ	Greek	GREEK SMALL DOTTED LUNATE SIGMA SYMBOL	0.1388	0.0000		1
U+037D	ͽ	Greek	GREEK SMALL REVERSED DOTTED LUNATE SIGMA SYMBOL	0.1392	0.0000		1
U+037E	;	Greek	GREEK QUESTION MARK	0.0670	0.0000	U+003B	0
U+037F	Ϳ	Greek	GREEK CAPITAL LETTER YOT	0.1439	0.0000	U+004A	0
U+0384	΄	Greek	GREEK TONOS	0.0213	0.0000	U+00B4	0
U+0385	΅	Greek	GREEK DIALYTIKA TONOS	0.0416	0.1807		1
U+0386	Ά	Greek	GREEK CAPITAL LETTER ALPHA WITH TONOS	0.2308	0.0000		1
U+0387	·	Greek	GREEK ANO TELEIA	0.0244	0.0000	U+00B7	0
U+0388	Έ	Greek	GREEK CAPITAL LETTER EPSILON WITH TONOS	0.2085	0.0458		1
U+0389	Ή	Greek	GREEK CAPITAL LETTER ETA WITH TONOS	0.2317	0.0554		1
U+038A	Ί	Greek	GREEK CAPITAL LETTER IOTA WITH TONOS	0.1703	0.0555		1
U+038C	Ό	Greek	GREEK CAPITAL LETTER OMICRON WITH TONOS	0.2335	0.0051		1
U+038E	Ύ	Greek	GREEK CAPITAL LETTER UPSILON WITH TONOS	0.1496	0.1187		1
U+038F	Ώ	Greek	GREEK CAPITAL LETTER OMEGA WITH TONOS	0.2352	0.0023		1
U+0390	ΐ	Greek	GREEK SMALL LETTER IOTA WITH DIALYTIKA AND TONOS	0.1275	0.0672		1
U+0391	Α	Greek	GREEK CAPITAL LETTER ALPHA	0.2095	0.0000	U+0041	0
U+0392	Β	Greek	GREEK CAPITAL LETTER BETA	0.2539	0.0000	U+0042	0
U+0393	Γ	Greek	GREEK CAPITAL LETTER GAMMA	0.1338	0.0000		1
U+0394	Δ	Greek	GREEK CAPITAL LETTER DELTA	0.2224	0.0000		1
U+0395	Ε	Greek	GREEK CAPITAL LETTER EPSILON	0.1972	0.0000	U+0045	0
U+0396	Ζ	Greek	GREEK CAPITAL LETTER ZETA	0.1838	0.0000	U+005A	0
U+0397	Η	Greek	GREEK CAPITAL LETTER ETA	0.2240	0.0000	U+0048	0
U+0398	Θ	Greek	GREEK CAPITAL LETTER THETA	0.2327	0.0000		1
U+0399	Ι	Greek	GREEK CAPITAL LETTER IOTA	0.1590	0.0000	U+0049	0
U+039A	Κ	Greek	GREEK CAPITAL LETTER KAPPA	0.2203	0.0001	U+004B	0
U+039B	Λ	Greek	GREEK CAPITAL LETTER LAMDA	0.1842	0.0000		1
U+039C	Μ	Greek	GREEK CAPITAL LETTER MU	0.2639	0.0000	U+004D	0
U+039D	Ν	Greek	GREEK CAPITAL LETTER NU	0.2619	0.0000	U+004E	0
U+039E	Ξ	Greek	GREEK CAPITAL LETTER XI	0.1198	0.0000		1
U+039F	Ο	Greek	GREEK CAPITAL LETTER OMICRON	0.2133	0.0000	U+004F	0
U+03A0	Π	Greek	GREEK CAPITAL LETTER PI	0.2240	0.0000		1
U+03A1	Ρ	Greek	GREEK CAPITAL LETTER RHO	0.1959	0.0000	U+0050	0
U+03A3	Σ	Greek	GREEK CAPITAL LETTER SIGMA	0.1803	0.0000	U+01A9	0
U+03A4	Τ	Greek	GREEK CAPITAL LETTER TAU	0.1442	0.0000	U+0054	0
U+03A5	Υ	Greek	GREEK CAPITAL LETTER UPSILON	0.1484	0.0000	U+0059	0
U+03A6	Φ	Greek	GREEK CAPITAL LETTER PHI	0.2543	0.0000		1
U+03A7	Χ	Greek	GREEK CAPITAL LETTER CHI	0.1911	0.0000	U+0058	0
U+03A8	Ψ	Greek	GREEK CAPITAL LETTER PSI	0.2558	0.0000		1
U+03A9	Ω	Greek	GREEK CAPITAL LETTER OMEGA	0.2144	0.0000		1
U+03AA	Ϊ	Greek	GREEK CAPITAL LETTER IOTA WITH DIALYTIKA	0.1884	0.0000	U+00CF	0
U+03AB	Ϋ	Greek	GREEK CAPITAL LETTER UPSILON WITH DIALYTIKA	0.1779	0.0000	U+0178	0
U+03AC	ά	Greek	GREEK SMALL LETTER ALPHA WITH TONOS	0.2170	0.0000		1
U+03AD	έ	Greek	GREEK SMALL LETTER EPSILON WITH TONOS	0.1587	0.0000		1
U+03AE	ή	Greek	GREEK SMALL LETTER ETA WITH TONOS	0.2011	0.0000		1
U+03AF	ί	Greek	GREEK SMALL LETTER IOTA WITH TONOS	0.1072	0.0000		1
U+03B0	ΰ	Greek	GREEK SMALL LETTER UPSILON WITH DIALYTIKA AND TONOS	0.1933	0.0453		1
U+03B1	α	Greek	GREEK SMALL LETTER ALPHA	0.1957	0.0000		1
U+03B2	β	Greek	GREEK SMALL LETTER BETA	0.2800	0.0000		1
U+03B3	γ	Greek	GREEK SMALL LETTER GAMMA	0.1574	0.0000		1
U+03B4	δ	Greek	GREEK SMALL LETTER DELTA	0.2205	0.0000		1
U+03B5	ε	Greek	GREEK SMALL LETTER EPSILON	0.1374	0.0000	U+025B	0
U+03B6	ζ	Greek	GREEK SMALL LETTER ZETA	0.1962	0.0000		1
U+03B7	η	Greek	GREEK SMALL LETTER ETA	0.1798	0.0000		1
U+03B8	θ	Greek	GREEK SMALL LETTER THETA	0.2358	0.0000		1
U+03B9	ι	Greek	GREEK SMALL LETTER IOTA	0.0859	0.0000		1
U+03BA	κ	Greek	GREEK SMALL LETTER KAPPA	0.1557	0.0000	U+0138	0
U+03BB	λ	Greek	GREEK SMALL LETTER LAMDA	0.1654	0.0000		1
U+03BC	μ	Greek	GREEK SMALL LETTER MU	0.1875	0.0000	U+00B5	0
U+03BD	ν	Greek	GREEK SMALL LETTER NU	0.1370	0.0000		1
U+03BE	ξ	Greek	GREEK SMALL LETTER XI	0.2102	0.0000		1
U+03BF	ο	Greek	GREEK SMALL LETTER OMICRON	0.1610	0.0000	U+006F	0
U+03C0	π	Greek	GREEK SMALL LETTER PI	0.1791	0.0000		1
U+03C1	ρ	Greek	GREEK SMALL LETTER RHO	0.1920	0.0000		1
U+03C2	ς	Greek	GREEK SMALL LETTER FINAL SIGMA	0.1394	0.0000		1
U+03C3	σ	Greek	GREEK SMALL LETTER SIGMA	0.1731	0.0000		1
U+03C4	τ	Greek	GREEK SMALL LETTER TAU	0.1107	0.0000		1
U+03C5	υ	Greek	GREEK SMALL LETTER UPSILON	0.1517	0.0000		1
U+03C6	φ	Greek	GREEK SMALL LETTER PHI	0.2421	0.0000		1
U+03C7	χ	Greek	GREEK SMALL LETTER CHI	0.1856	0.0000		1
U+03C8	ψ	Greek	GREEK SMALL LETTER PSI	0.2309	0.0000		1
U+03C9	ω	Greek	GREEK SMALL LETTER OMEGA	0.1946	0.0000		1
U+03CA	ϊ	Greek	GREEK SMALL LETTER IOTA WITH DIALYTIKA	0.1153	0.0000		1
U+03CB	ϋ	Greek	GREEK SMALL LETTER UPSILON WITH DIALYTIKA	0.1811	0.0000		1
U+03CC	ό	Greek	GREEK SMALL LETTER OMICRON WITH TONOS	0.1823	0.0000	U+00F3	0
U+03CD	ύ	Greek	GREEK SMALL LETTER UPSILON WITH TONOS	0.1730	0.0000		1
U+03CE	ώ	Greek	GREEK SMALL LETTER OMEGA WITH TONOS	0.2160	0.0000		1
U+03D0	ϐ	Greek	GREEK BETA SYMBOL	0.2458	0.0000		1
U+03D1	ϑ	Greek	GREEK THETA SYMBOL	0.2448	0.0000		1
U+03D2	ϒ	Greek	GREEK UPSILON WITH HOOK SYMBOL	0.1617	0.0000		1
U+03D3	ϓ	Greek	GREEK UPSILON WITH ACUTE AND HOOK SYMBOL	0.1629	0.1101		1
U+03D4	ϔ	Greek	GREEK UPSILON WITH DIAERESIS AND HOOK SYMBOL	0.1911	0.0000		1
U+03D5	ϕ	Greek	GREEK PHI SYMBOL	0.2656	0.0000		1
U+03D6	ϖ	Greek	GREEK PI SYMBOL	0.2425	0.0000		1
U+03D7	ϗ	Greek	GREEK KAI SYMBOL	0.2048	0.0000		1
U+03D8	Ϙ	Greek	GREEK LETTER ARCHAIC KOPPA	0.2466	0.0000		1
U+03D9	ϙ	Greek	GREEK SMALL LETTER ARCHAIC KOPPA	0.1901	0.0000		1
U+03DA	Ϛ	Greek	GREEK LETTER STIGMA	0.1703	0.0000		1
U+03DB	ϛ	Greek	GREEK SMALL LETTER STIGMA	0.1365	0.0000		1
U+03DC	Ϝ	Greek	GREEK LETTER DIGAMMA	0.1609	0.0000	U+0046	0
U+03DD	ϝ	Greek	GREEK SMALL LETTER DIGAMMA	0.1562	0.0000		1
U+03DE	Ϟ	Greek	GREEK LETTER KOPPA	0.1692	0.0000		1
U+03DF	ϟ	Greek	GREEK SMALL LETTER KOPPA	0.1314	0.0000		1
U+03E0	Ϡ	Greek	GREEK LETTER SAMPI	0.2633	0.0000		1
U+03E1	ϡ	Greek	GREEK SMALL LETTER SAMPI	0.1570	0.0000		1
U+03F0	ϰ	Greek	GREEK KAPPA SYMBOL	0.1757	0.0000		1
U+03F1	ϱ	Greek	GREEK RHO SYMBOL	0.2200	0.0000		1
U+03F2	ϲ	Greek	GREEK LUNATE SIGMA SYMBOL	0.1144	0.0000	U+0063	0
U+03F3	ϳ	Greek	GREEK LETTER YOT	0.1375	0.0000	U+006A	0
U+03F4	ϴ	Greek	GREEK CAPITAL THETA SYMBOL	0.2514	0.0000		1
U+03F5	ϵ	Greek	GREEK LUNATE EPSILON SYMBOL	0.1495	0.0000		1
U+03F6	϶	Greek	GREEK REVERSED LUNATE EPSILON SYMBOL	0.1493	0.0000		1
U+03F7	Ϸ	Greek	GREEK CAPITAL LETTER SHO	0.1944	0.0000	U+00DE	0
U+03F8	ϸ	Greek	GREEK SMALL LETTER SHO	0.2301	0.0000	U+00FE	0
U+03F9	Ϲ	Greek	GREEK CAPITAL LUNATE SIGMA SYMBOL	0.1491	0.0000	U+0043	0
U+03FA	Ϻ	Greek	GREEK CAPITAL LETTER SAN	0.2401	0.0000		1
U+03FB	ϻ	Greek	GREEK SMALL LETTER SAN	0.2165	0.0000		1
U+03FC	ϼ	Greek	GREEK RHO WITH STROKE SYMBOL	0.2262	0.0000		1
U+03FD	Ͻ	Greek	GREEK CAPITAL REVERSED LUNATE SIGMA SYMBOL	0.1540	0.0000		1
U+03FE	Ͼ	Greek	GREEK CAPITAL DOTTED LUNATE SIGMA SYMBOL	0.1735	0.0000		1
U+03FF	Ͽ	Greek	GREEK CAPITAL REVERSED DOTTED LUNATE SIGMA SYMBOL	0.1784	0.0000		1
U+0400	Ѐ	Cyrillic	CYRILLIC CAPITAL LETTER IE WITH GRAVE	0.2095	0.0000		0
U+0401	Ё	Cyrillic	CYRILLIC CAPITAL LETTER IO	0.2266	0.0000		0
U+0402	Ђ	Cyrillic	CYRILLIC CAPITAL LETTER DJE	0.2627	0.0135		0
U+0403	Ѓ	Cyrillic	CYRILLIC CAPITAL LETTER GJE	0.1462	0.0000		0
U+0404	Є	Cyrillic	CYRILLIC CAPITAL LETTER UKRAINIAN IE	0.1803	0.0000		0
U+0405	Ѕ	Cyrillic	CYRILLIC CAPITAL LETTER DZE	0.1812	0.0000	U+0053	0
U+0406	І	Cyrillic	CYRILLIC CAPITAL LETTER BYELORUSSIAN-UKRAINIAN I	0.1590	0.0000	U+0049	0
U+0407	Ї	Cyrillic	CYRILLIC CAPITAL LETTER YI	0.1884	0.0000	U+00CF	0
U+0408	Ј	Cyrillic	CYRILLIC CAPITAL LETTER JE	0.1439	0.0000	U+004A	0
U+0409	Љ	Cyrillic	CYRILLIC CAPITAL LETTER LJE	0.2541	0.0052		0
U+040A	Њ	Cyrillic	CYRILLIC CAPITAL LETTER NJE	0.2629	0.0015		0
U+040B	Ћ	Cyrillic	CYRILLIC CAPITAL LETTER TSHE	0.2206	0.0161		0
U+040C	Ќ	Cyrillic	CYRILLIC CAPITAL LETTER KJE	0.2326	0.0001		0
U+040D	Ѝ	Cyrillic	CYRILLIC CAPITAL LETTER I WITH GRAVE	0.2758	0.0000		0
U+040E	Ў	Cyrillic	CYRILLIC CAPITAL LETTER SHORT U	0.2026	0.0000		0
U+040F	Џ	Cyrillic	CYRILLIC CAPITAL LETTER DZHE	0.2416	0.0000		0
U+0410	А	Cyrillic	CYRILLIC CAPITAL LETTER A	0.2095	0.0000	U+0041	0
U+0411	Б	Cyrillic	CYRILLIC CAPITAL LETTER BE	0.2294	0.0000	U+0182	0
U+0412	В	Cyrillic	CYRILLIC CAPITAL LETTER VE	0.2539	0.0000	U+0042	0
U+0413	Г	Cyrillic	CYRILLIC CAPITAL LETTER GHE	0.1338	0.0000	U+0393	0
U+0414	Д	Cyrillic	CYRILLIC CAPITAL LETTER DE	0.2891	0.0000		0
U+0415	Е	Cyrillic	CYRILLIC CAPITAL LETTER IE	0.1972	0.0000	U+0045	0
U+0416	Ж	Cyrillic	CYRILLIC CAPITAL LETTER ZHE	0.2998	0.0000		0
U+0417	З	Cyrillic	CYRILLIC CAPITAL LETTER ZE	0.1661	0.0000	U+0033	0
U+0418	И	Cyrillic	CYRILLIC CAPITAL LETTER I	0.2635	0.0000	U+0376	0
U+0419	Й	Cyrillic	CYRILLIC CAPITAL LETTER SHORT I	0.2922	0.0000		0
U+041A	К	Cyrillic	CYRILLIC CAPITAL LETTER KA	0.2203	0.0001	U+004B	0
U+041B	Л	Cyrillic	CYRILLIC CAPITAL LETTER EL	0.2216	0.0000		0
U+041C	М	Cyrillic	CYRILLIC CAPITAL LETTER EM	0.2639	0.0000	U+004D	0
U+041D	Н	Cyrillic	CYRILLIC CAPITAL LETTER EN	0.2240	0.0000	U+0048	0
U+041E	О	Cyrillic	CYRILLIC CAPITAL LETTER O	0.2133	0.0000	U+004F	0
U+041F	П	Cyrillic	CYRILLIC CAPITAL LETTER PE	0.2240	0.0000	U+03A0	0
U+0420	Р	Cyrillic	CYRILLIC CAPITAL LETTER ER	0.1959	0.0000	U+0050	0
U+0421	С	Cyrillic	CYRILLIC CAPITAL LETTER ES	0.1491	0.0000	U+0043	0
U+0422	Т	Cyrillic	CYRILLIC CAPITAL LETTER TE	0.1442	0.0000	U+0054	0
U+0423	У	Cyrillic	CYRILLIC CAPITAL LETTER U	0.1739	0.0000		0
U+0424	Ф	Cyrillic	CYRILLIC CAPITAL LETTER EF	0.2692	0.0000		0
U+0425	Х	Cyrillic	CYRILLIC CAPITAL LETTER HA	0.1911	0.0000	U+0058	0
U+0426	Ц	Cyrillic	CYRILLIC CAPITAL LETTER TSE	0.2473	0.0000		0
U+0427	Ч	Cyrillic	CYRILLIC CAPITAL LETTER CHE	0.1788	0.0000		0
U+0428	Ш	Cyrillic	CYRILLIC CAPITAL LETTER SHA	0.2927	0.0000		0
U+0429	Щ	Cyrillic	CYRILLIC CAPITAL LETTER SHCHA	0.3152	0.0000		0
U+042A	Ъ	Cyrillic	CYRILLIC CAPITAL LETTER HARD SIGN	0.1993	0.0000		0
U+042B	Ы	Cyrillic	CYRILLIC CAPITAL LETTER YERU	0.2732	0.0000		0
U+042C	Ь	Cyrillic	CYRILLIC CAPITAL LETTER SOFT SIGN	0.1959	0.0000		0
U+042D	Э	Cyrillic	CYRILLIC CAPITAL LETTER E	0.1798	0.0000		0
U+042E	Ю	Cyrillic	CYRILLIC CAPITAL LETTER YU	0.2937	0.0000		0
U+042F	Я	Cyrillic	CYRILLIC CAPITAL LETTER YA	0.2412	0.0000		0
U+0430	а	Cyrillic	CYRILLIC SMALL LETTER A	0.1750	0.0000	U+0061	0
U+0431	б	Cyrillic	CYRILLIC SMALL LETTER BE	0.2203	0.0000		0
U+0432	в	Cyrillic	CYRILLIC SMALL LETTER VE	0.1828	0.0000		0
U+0433	г	Cyrillic	CYRILLIC SMALL LETTER GHE	0.0944	0.0000		0
U+0434	д	Cyrillic	CYRILLIC SMALL LETTER DE	0.2135	0.0000		0
U+0435	е	Cyrillic	CYRILLIC SMALL LETTER IE	0.1704	0.0000	U+0065	0
U+0436	ж	Cyrillic	CYRILLIC SMALL LETTER ZHE	0.2115	0.0000		0
U+0437	з	Cyrillic	CYRILLIC SMALL LETTER ZE	0.1378	0.0000	U+025C	0
U+0438	и	Cyrillic	CYRILLIC SMALL LETTER I	0.1830	0.0000	U+0377	0
U+0439	й	Cyrillic	CYRILLIC SMALL LETTER SHORT I	0.2164	0.0000		0
U+043A	к	Cyrillic	CYRILLIC SMALL LETTER KA	0.1557	0.0000	U+0138	0
U+043B	л	Cyrillic	CYRILLIC SMALL LETTER EL	0.1584	0.0000		0
U+043C	м	Cyrillic	CYRILLIC SMALL LETTER EM	0.2222	0.0000		0
U+043D	н	Cyrillic	CYRILLIC SMALL LETTER EN	0.1574	0.0000		0
U+043E	о	Cyrillic	CYRILLIC SMALL LETTER O	0.1610	0.0000	U+006F	0
U+043F	п	Cyrillic	CYRILLIC SMALL LETTER PE	0.1574	0.0000		0
U+0440	р	Cyrillic	CYRILLIC SMALL LETTER ER	0.2032	0.0000	U+0070	0
U+0441	с	Cyrillic	CYRILLIC SMALL LETTER ES	0.1144	0.0000	U+0063	0
U+0442	т	Cyrillic	CYRILLIC SMALL LETTER TE	0.0975	0.0000		0
U+0443	у	Cyrillic	CYRILLIC SMALL LETTER U	0.1676	0.0000	U+0079	0
U+0444	ф	Cyrillic	CYRILLIC SMALL LETTER EF	0.2722	0.0000		0
U+0445	х	Cyrillic	CYRILLIC SMALL LETTER HA	0.1397	0.0000	U+0078	0
U+0446	ц	Cyrillic	CYRILLIC SMALL LETTER TSE	0.1786	0.0000		0
U+0447	ч	Cyrillic	CYRILLIC SMALL LETTER CHE	0.1298	0.0000		0
U+0448	ш	Cyrillic	CYRILLIC SMALL LETTER SHA	0.2068	0.0000		0
U+0449	щ	Cyrillic	CYRILLIC SMALL LETTER SHCHA	0.2277	0.0000		0
U+044A	ъ	Cyrillic	CYRILLIC SMALL LETTER HARD SIGN	0.1594	0.0000		0
U+044B	ы	Cyrillic	CYRILLIC SMALL LETTER YERU	0.1979	0.0000		0
U+044C	ь	Cyrillic	CYRILLIC SMALL LETTER SOFT SIGN	0.1469	0.0000		0
U+044D	э	Cyrillic	CYRILLIC SMALL LETTER E	0.1407	0.0000		0
U+044E	ю	Cyrillic	CYRILLIC SMALL LETTER YU	0.2191	0.0000		0
U+044F	я	Cyrillic	CYRILLIC SMALL LETTER YA	0.1618	0.0000		0
U+0450	ѐ	Cyrillic	CYRILLIC SMALL LETTER IE WITH GRAVE	0.1917	0.0000		0
U+0451	ё	Cyrillic	CYRILLIC SMALL LETTER IO	0.1998	0.0000		0
U+0452	ђ	Cyrillic	CYRILLIC SMALL LETTER DJE	0.2171	0.0000		0
U+0453	ѓ	Cyrillic	CYRILLIC SMALL LETTER GJE	0.1158	0.0000		0
U+0454	є	Cyrillic	CYRILLIC SMALL LETTER UKRAINIAN IE	0.1405	0.0000		0
U+0455	ѕ	Cyrillic	CYRILLIC SMALL LETTER DZE	0.1363	0.0000	U+0073	0
U+0456	і	Cyrillic	CYRILLIC SMALL LETTER BYELORUSSIAN-UKRAINIAN I	0.1296	0.0000	U+0069	0
U+0457	ї	Cyrillic	CYRILLIC SMALL LETTER YI	0.1456	0.0000	U+00EF	0
U+0458	ј	Cyrillic	CYRILLIC SMALL LETTER JE	0.1375	0.0000	U+006A	0
U+0459	љ	Cyrillic	CYRILLIC SMALL LETTER LJE	0.1866	0.0026		0
U+045A	њ	Cyrillic	CYRILLIC SMALL LETTER NJE	0.1889	0.0000		0
U+045B	ћ	Cyrillic	CYRILLIC SMALL LETTER TSHE	0.1861	0.0000		0
U+045C	ќ	Cyrillic	CYRILLIC SMALL LETTER KJE	0.1771	0.0000		0
U+045D	ѝ	Cyrillic	CYRILLIC SMALL LETTER I WITH GRAVE	0.2044	0.0000		0
U+045E	ў	Cyrillic	CYRILLIC SMALL LETTER SHORT U	0.2010	0.0000		0
U+045F	џ	Cyrillic	CYRILLIC SMALL LETTER DZHE	0.1689	0.0000		0
U+0462	Ѣ	Cyrillic	CYRILLIC CAPITAL LETTER YAT	0.2210	0.0000		0
U+0463	ѣ	Cyrillic	CYRILLIC SMALL LETTER YAT	0.2036	0.0000		0
U+0472	Ѳ	Cyrillic	CYRILLIC CAPITAL LETTER FITA	0.2545	0.0000	U+019F	0
U+0473	ѳ	Cyrillic	CYRILLIC SMALL LETTER FITA	0.1961	0.0000	U+0275	0
U+0490	Ґ	Cyrillic	CYRILLIC CAPITAL LETTER GHE WITH UPTURN	0.1502	0.0000		0
U+0491	ґ	Cyrillic	CYRILLIC SMALL LETTER GHE WITH UPTURN	0.1123	0.0000		0
U+0492	Ғ	Cyrillic	CYRILLIC CAPITAL LETTER GHE WITH STROKE	0.1736	0.0000		0
U+0493	ғ	Cyrillic	CYRILLIC SMALL LETTER GHE WITH STROKE	0.1289	0.0000		0
U+0494	Ҕ	Cyrillic	CYRILLIC CAPITAL LETTER GHE WITH MIDDLE HOOK	0.2506	0.0000		0
U+0495	ҕ	Cyrillic	CYRILLIC SMALL LETTER GHE WITH MIDDLE HOOK	0.1914	0.0000		0
U+0496	Җ	Cyrillic	CYRILLIC CAPITAL LETTER ZHE WITH DESCENDER	0.3126	0.0024		0
U+0497	җ	Cyrillic	CYRILLIC SMALL LETTER ZHE WITH DESCENDER	0.2238	0.0000		0
U+0498	Ҙ	Cyrillic	CYRILLIC CAPITAL LETTER ZE WITH DESCENDER	0.1929	0.0000		0
U+0499	ҙ	Cyrillic	CYRILLIC SMALL LETTER ZE WITH DESCENDER	0.1646	0.0000		0
U+049A	Қ	Cyrillic	CYRILLIC CAPITAL LETTER KA WITH DESCENDER	0.2400	0.0069		0
U+049B	қ	Cyrillic	CYRILLIC SMALL LETTER KA WITH DESCENDER	0.1752	0.0000		0
U+04A2	Ң	Cyrillic	CYRILLIC CAPITAL LETTER EN WITH DESCENDER	0.2572	0.0000		0
U+04A3	ң	Cyrillic	CYRILLIC SMALL LETTER EN WITH DESCENDER	0.1877	0.0000		0
U+04A4	Ҥ	Cyrillic	CYRILLIC CAPITAL LIGATURE EN GHE	0.2173	0.0000		0
U+04A5	ҥ	Cyrillic	CYRILLIC SMALL LIGATURE EN GHE	0.1561	0.0000		0
U+04AA	Ҫ	Cyrillic	CYRILLIC CAPITAL LETTER ES WITH DESCENDER	0.1760	0.0000	U+00C7	0
U+04AB	ҫ	Cyrillic	CYRILLIC SMALL LETTER ES WITH DESCENDER	0.1413	0.0000	U+00E7	0
U+04AC	Ҭ	Cyrillic	CYRILLIC CAPITAL LETTER TE WITH DESCENDER	0.1818	0.0000		0
U+04AD	ҭ	Cyrillic	CYRILLIC SMALL LETTER TE WITH DESCENDER	0.1308	0.0000		0
U+04AE	Ү	Cyrillic	CYRILLIC CAPITAL LETTER STRAIGHT U	0.1484	0.0000	U+0059	0
U+04AF	ү	Cyrillic	CYRILLIC SMALL LETTER STRAIGHT U	0.1536	0.0000		0
U+04B0	Ұ	Cyrillic	CYRILLIC CAPITAL LETTER STRAIGHT U WITH STROKE	0.1751	0.0000		0
U+04B1	ұ	Cyrillic	CYRILLIC SMALL LETTER STRAIGHT U WITH STROKE	0.1727	0.0000		0
U+04B2	Ҳ	Cyrillic	CYRILLIC CAPITAL LETTER HA WITH DESCENDER	0.2128	0.0000		0
U+04B3	ҳ	Cyrillic	CYRILLIC SMALL LETTER HA WITH DESCENDER	0.1593	0.0000		0
U+04BA	Һ	Cyrillic	CYRILLIC CAPITAL LETTER SHHA	0.1871	0.0000		0
U+04BB	һ	Cyrillic	CYRILLIC SMALL LETTER SHHA	0.1795	0.0000	U+0068	0
U+04C0	Ӏ	Cyrillic	CYRILLIC LETTER PALOCHKA	0.1590	0.0000	U+0049	0
U+04C1	Ӂ	Cyrillic	CYRILLIC CAPITAL LETTER ZHE WITH BREVE	0.3285	0.0000		0
U+04C2	ӂ	Cyrillic	CYRILLIC SMALL LETTER ZHE WITH BREVE	0.2449	0.0000		0
U+04C3	Ӄ	Cyrillic	CYRILLIC CAPITAL LETTER KA WITH HOOK	0.2591	0.0000		0
U+04C4	ӄ	Cyrillic	CYRILLIC SMALL LETTER KA WITH HOOK	0.1952	0.0000		0
U+04C7	Ӈ	Cyrillic	CYRILLIC CAPITAL LETTER EN WITH HOOK	0.2599	0.0000		0
U+04C8	ӈ	Cyrillic	CYRILLIC SMALL LETTER EN WITH HOOK	0.1955	0.0000		0
U+04CB	Ӌ	Cyrillic	CYRILLIC CAPITAL LETTER KHAKASSIAN CHE	0.2185	0.0000		0
U+04CC	ӌ	Cyrillic	CYRILLIC SMALL LETTER KHAKASSIAN CHE	0.1582	0.0000		0
U+04CF	ӏ	Cyrillic	CYRILLIC SMALL LETTER PALOCHKA	0.0920	0.0000		0
U+04D0	Ӑ	Cyrillic	CYRILLIC CAPITAL LETTER A WITH BREVE	0.2382	0.0000	U+0102	0
U+04D1	ӑ	Cyrillic	CYRILLIC SMALL LETTER A WITH BREVE	0.2083	0.0000	U+0103	0
U+04D2	Ӓ	Cyrillic	CYRILLIC CAPITAL LETTER A WITH DIAERESIS	0.2389	0.0000	U+00C4	0
U+04D3	ӓ	Cyrillic	CYRILLIC SMALL LETTER A WITH DIAERESIS	0.2044	0.0000	U+00E4	0
U+04D4	Ӕ	Cyrillic	CYRILLIC CAPITAL LIGATURE A IE	0.2441	0.0000	U+00C6	0
U+04D5	ӕ	Cyrillic	CYRILLIC SMALL LIGATURE A IE	0.2184	0.0000	U+00E6	0
U+04D6	Ӗ	Cyrillic	CYRILLIC CAPITAL LETTER IE WITH BREVE	0.2259	0.0000	U+0114	0
U+04D7	ӗ	Cyrillic	CYRILLIC SMALL LETTER IE WITH BREVE	0.2037	0.0000	U+0115	0
U+04D8	Ә	Cyrillic	CYRILLIC CAPITAL LETTER SCHWA	0.2121	0.0000	U+018F	0
U+04D9	ә	Cyrillic	CYRILLIC SMALL LETTER SCHWA	0.1704	0.0000	U+01DD	0
U+04DA	Ӛ	Cyrillic	CYRILLIC CAPITAL LETTER SCHWA WITH DIAERESIS	0.2415	0.0000		0
U+04DB	ӛ	Cyrillic	CYRILLIC SMALL LETTER SCHWA WITH DIAERESIS	0.1999	0.0000		0
U+04DC	Ӝ	Cyrillic	CYRILLIC CAPITAL LETTER ZHE WITH DIAERESIS	0.3293	0.0000		0
U+04DD	ӝ	Cyrillic	CYRILLIC SMALL LETTER ZHE WITH DIAERESIS	0.2409	0.0000		0
U+04DE	Ӟ	Cyrillic	CYRILLIC CAPITAL LETTER ZE WITH DIAERESIS	0.1955	0.0000		0
U+04DF	ӟ	Cyrillic	CYRILLIC SMALL LETTER ZE WITH DIAERESIS	0.1672	0.0000		0
U+04E0	Ӡ	Cyrillic	CYRILLIC CAPITAL LETTER ABKHASIAN DZE	0.2149	0.0000	U+01B7	0
U+04E1	ӡ	Cyrillic	CYRILLIC SMALL LETTER ABKHASIAN DZE	0.1873	0.0000	U+0292	0
U+04E2	Ӣ	Cyrillic	CYRILLIC CAPITAL LETTER I WITH MACRON	0.2925	0.0000		0
U+04E3	ӣ	Cyrillic	CYRILLIC SMALL LETTER I WITH MACRON	0.2120	0.0000		0
U+04E4	Ӥ	Cyrillic	CYRILLIC CAPITAL LETTER I WITH DIAERESIS	0.2929	0.0000		0
U+04E5	ӥ	Cyrillic	CYRILLIC SMALL LETTER I WITH DIAERESIS	0.2125	0.0000		0
U+04E6	Ӧ	Cyrillic	CYRILLIC CAPITAL LETTER O WITH DIAERESIS	0.2428	0.0000	U+00D6	0
U+04E7	ӧ	Cyrillic	CYRILLIC SMALL LETTER O WITH DIAERESIS	0.1904	0.0000	U+00F6	0
U+04E8	Ө	Cyrillic	CYRILLIC CAPITAL LETTER BARRED O	0.2514	0.0000	U+03F4	0
U+04E9	ө	Cyrillic	CYRILLIC SMALL LETTER BARRED O	0.1961	0.0000	U+0275	0
U+04EA	Ӫ	Cyrillic	CYRILLIC CAPITAL LETTER BARRED O WITH DIAERESIS	0.2808	0.0000		0
U+04EB	ӫ	Cyrillic	CYRILLIC SMALL LETTER BARRED O WITH DIAERESIS	0.2255	0.0000		0
U+04EC	Ӭ	Cyrillic	CYRILLIC CAPITAL LETTER E WITH DIAERESIS	0.2092	0.0000		0
U+04ED	ӭ	Cyrillic	CYRILLIC SMALL LETTER E WITH DIAERESIS	0.1702	0.0000		0
U+04EE	Ӯ	Cyrillic	CYRILLIC CAPITAL LETTER U WITH MACRON	0.2029	0.0000		0
U+04EF	ӯ	Cyrillic	CYRILLIC SMALL LETTER U WITH MACRON	0.1966	0.0000	U+0233	0
U+04F0	Ӱ	Cyrillic	CYRILLIC CAPITAL LETTER U WITH DIAERESIS	0.2033	0.0000		0
U+04F1	ӱ	Cyrillic	CYRILLIC SMALL LETTER U WITH DIAERESIS	0.1971	0.0000	U+00FF	0
U+04F2	Ӳ	Cyrillic	CYRILLIC CAPITAL LETTER U WITH DOUBLE ACUTE	0.1986	0.0000		0
U+04F3	ӳ	Cyrillic	CYRILLIC SMALL LETTER U WITH DOUBLE ACUTE	0.2053	0.0000		0
U+04F4	Ӵ	Cyrillic	CYRILLIC CAPITAL LETTER CHE WITH DIAERESIS	0.2082	0.0000		0
U+04F5	ӵ	Cyrillic	CYRILLIC SMALL LETTER CHE WITH DIAERESIS	0.1592	0.0000		0
U+04F6	Ӷ	Cyrillic	CYRILLIC CAPITAL LETTER GHE WITH DESCENDER	0.1701	0.0000		0
U+04F7	ӷ	Cyrillic	CYRILLIC SMALL LETTER GHE WITH DESCENDER	0.1286	0.0000		0
U+04F8	Ӹ	Cyrillic	CYRILLIC CAPITAL LETTER YERU WITH DIAERESIS	0.3026	0.0000		0
U+04F9	ӹ	Cyrillic	CYRILLIC SMALL LETTER YERU WITH DIAERESIS	0.2274	0.0000		0
U+0510	Ԑ	Other	CYRILLIC CAPITAL LETTER REVERSED ZE	0.1722	0.0000	U+0190	0
U+0511	ԑ	Other	CYRILLIC SMALL LETTER REVERSED ZE	0.1374	0.0000	U+025B	0
U+051A	Ԛ	Other	CYRILLIC CAPITAL LETTER QA	0.2337	0.0000	U+0051	0
U+051B	ԛ	Other	CYRILLIC SMALL LETTER QA	0.2033	0.0000	U+0071	0
U+051C	Ԝ	Other	CYRILLIC CAPITAL LETTER WE	0.2600	0.0015	U+0057	0
U+051D	ԝ	Other	CYRILLIC SMALL LETTER WE	0.1815	0.0013	U+0077	0
U+0531	Ա	Other	ARMENIAN CAPITAL LETTER AYB	0.2302	0.0000		0
U+0532	Բ	Other	ARMENIAN CAPITAL LETTER BEN	0.1916	0.0000		0
U+0533	Գ	Other	ARMENIAN CAPITAL LETTER GIM	0.2034	0.0000		0
U+0534	Դ	Other	ARMENIAN CAPITAL LETTER DA	0.1597	0.0000		0
U+0535	Ե	Other	ARMENIAN CAPITAL LETTER ECH	0.1917	0.0000		0
U+0536	Զ	Other	ARMENIAN CAPITAL LETTER ZA	0.2091	0.0000		0
U+0537	Է	Other	ARMENIAN CAPITAL LETTER EH	0.1754	0.0000		0
U+0538	Ը	Other	ARMENIAN CAPITAL LETTER ET	0.1916	0.0000		0
U+0539	Թ	Other	ARMENIAN CAPITAL LETTER TO	0.2764	0.0000		0
U+053A	Ժ	Other	ARMENIAN CAPITAL LETTER ZHE	0.2064	0.0000		0
U+053B	Ի	Other	ARMENIAN CAPITAL LETTER INI	0.1585	0.0000		0
U+053C	Լ	Other	ARMENIAN CAPITAL LETTER LIWN	0.1360	0.0000		0
U+053D	Խ	Other	ARMENIAN CAPITAL LETTER XEH	0.2421	0.0000		0
U+053E	Ծ	Other	ARMENIAN CAPITAL LETTER CA	0.2619	0.0000		0
U+053F	Կ	Other	ARMENIAN CAPITAL LETTER KEN	0.1662	0.0000		0
U+0540	Հ	Other	ARMENIAN CAPITAL LETTER HO	0.1548	0.0000		0
U+0541	Ձ	Other	ARMENIAN CAPITAL LETTER JA	0.2385	0.0000		0
U+0542	Ղ	Other	ARMENIAN CAPITAL LETTER GHAD	0.1597	0.0000		0
U+0543	Ճ	Other	ARMENIAN CAPITAL LETTER CHEH	0.2384	0.0000		0
U+0544	Մ	Other	ARMENIAN CAPITAL LETTER MEN	0.2163	0.0000		0
U+0545	Յ	Other	ARMENIAN CAPITAL LETTER YI	0.2280	0.0000		0
U+0546	Ն	Other	ARMENIAN CAPITAL LETTER NOW	0.1606	0.0000		0
U+0547	Շ	Other	ARMENIAN CAPITAL LETTER SHA	0.1957	0.0000		0
U+0548	Ո	Other	ARMENIAN CAPITAL LETTER VO	0.2060	0.0000		0
U+0549	Չ	Other	ARMENIAN CAPITAL LETTER CHA	0.1912	0.0000		0
U+054A	Պ	Other	ARMENIAN CAPITAL LETTER PEH	0.2012	0.0000		0
U+054B	Ջ	Other	ARMENIAN CAPITAL LETTER JHEH	0.2568	0.0000		0
U+054C	Ռ	Other	ARMENIAN CAPITAL LETTER RA	0.2161	0.0000		0
U+054D	Ս	Other	ARMENIAN CAPITAL LETTER SEH	0.2061	0.0000		0
U+054E	Վ	Other	ARMENIAN CAPITAL LETTER VEW	0.1788	0.0000		0
U+054F	Տ	Other	ARMENIAN CAPITAL LETTER TIWN	0.2071	0.0000		0
U+0550	Ր	Other	ARMENIAN CAPITAL LETTER REH	0.1496	0.0000		0
U+0551	Ց	Other	ARMENIAN CAPITAL LETTER CO	0.2445	0.0000		0
U+0552	Ւ	Other	ARMENIAN CAPITAL LETTER YIWN	0.1394	0.0000		0
U+0553	Փ	Other	ARMENIAN CAPITAL LETTER PIWR	0.2620	0.0000		0
U+0554	Ք	Other	ARMENIAN CAPITAL LETTER KEH	0.2401	0.0000		0
U+0555	Օ	Other	ARMENIAN CAPITAL LETTER OH	0.2133	0.0000	U+004F	0
U+0556	Ֆ	Other	ARMENIAN CAPITAL LETTER FEH	0.2609	0.0000		0
U+0559	ՙ	Other	ARMENIAN MODIFIER LETTER LEFT HALF RING	0.0265	0.0000	U+02BF	0
U+055A	՚	Other	ARMENIAN APOSTROPHE	0.0276	0.0000		0
U+055B	՛	Other	ARMENIAN EMPHASIS MARK	0.0213	0.0000		0
U+055C	՜	Other	ARMENIAN EXCLAMATION MARK	0.0451	0.0000		0
U+055D	՝	Other	ARMENIAN COMMA	0.0213	0.0000		0
U+055E	՞	Other	ARMENIAN QUESTION MARK	0.0814	0.0000		0
U+055F	՟	Other	ARMENIAN ABBREVIATION MARK	0.0410	0.0000		0
U+0561	ա	Other	ARMENIAN SMALL LETTER AYB	0.2033	0.0000		0
U+0562	բ	Other	ARMENIAN SMALL LETTER BEN	0.1836	0.0000		0
U+0563	գ	Other	ARMENIAN SMALL LETTER GIM	0.2110	0.0000		0
U+0564	դ	Other	ARMENIAN SMALL LETTER DA	0.1853	0.0000		0
U+0565	ե	Other	ARMENIAN SMALL LETTER ECH	0.1891	0.0000		0
U+0566	զ	Other	ARMENIAN SMALL LETTER ZA	0.2111	0.0000		0
U+0567	է	Other	ARMENIAN SMALL LETTER EH	0.1465	0.0000		0
U+0568	ը	Other	ARMENIAN SMALL LETTER ET	0.2100	0.0000		0
U+0569	թ	Other	ARMENIAN SMALL LETTER TO	0.2286	0.0000		0
U+056A	ժ	Other	ARMENIAN SMALL LETTER ZHE	0.1989	0.0000		0
U+056B	ի	Other	ARMENIAN SMALL LETTER INI	0.2041	0.0000		0
U+056C	լ	Other	ARMENIAN SMALL LETTER LIWN	0.1089	0.0000		0
U+056D	խ	Other	ARMENIAN SMALL LETTER XEH	0.2483	0.0000		0
U+056E	ծ	Other	ARMENIAN SMALL LETTER CA	0.2085	0.0000		0
U+056F	կ	Other	ARMENIAN SMALL LETTER KEN	0.2043	0.0000		0
U+0570	հ	Other	ARMENIAN SMALL LETTER HO	0.1797	0.0000		0
U+0571	ձ	Other	ARMENIAN SMALL LETTER JA	0.1957	0.0000		0
U+0572	ղ	Other	ARMENIAN SMALL LETTER GHAD	0.1853	0.0000		0
U+0573	ճ	Other	ARMENIAN SMALL LETTER CHEH	0.2044	0.0000		0
U+0574	մ	Other	ARMENIAN SMALL LETTER MEN	0.1870	0.0000		0
U+0575	յ	Other	ARMENIAN SMALL LETTER YI	0.1060	0.0000		0
U+0576	ն	Other	ARMENIAN SMALL LETTER NOW	0.1867	0.0000		0
U+0577	շ	Other	ARMENIAN SMALL LETTER SHA	0.1573	0.0000		0
U+0578	ո	Other	ARMENIAN SMALL LETTER VO	0.1529	0.0000		0
U+0579	չ	Other	ARMENIAN SMALL LETTER CHA	0.1339	0.0000		0
U+057A	պ	Other	ARMENIAN SMALL LETTER PEH	0.2261	0.0000		0
U+057B	ջ	Other	ARMENIAN SMALL LETTER JHEH	0.1988	0.0000		0
U+057C	ռ	Other	ARMENIAN SMALL LETTER RA	0.1718	0.0000		0
U+057D	ս	Other	ARMENIAN SMALL LETTER SEH	0.1530	0.0000		0
U+057E	վ	Other	ARMENIAN SMALL LETTER VEW	0.2125	0.0000		0
U+057F	տ	Other	ARMENIAN SMALL LETTER TIWN	0.2025	0.0000		0
U+0580	ր	Other	ARMENIAN SMALL LETTER REH	0.1784	0.0000		0
U+0581	ց	Other	ARMENIAN SMALL LETTER CO	0.2229	0.0000		0
U+0582	ւ	Other	ARMENIAN SMALL LETTER YIWN	0.0911	0.0000		0
U+0583	փ	Other	ARMENIAN SMALL LETTER PIWR	0.2486	0.0000		0
U+0584	ք	Other	ARMENIAN SMALL LETTER KEH	0.2433	0.0000		0
U+0585	օ	Other	ARMENIAN SMALL LETTER OH	0.1610	0.0000	U+006F	0
U+0586	ֆ	Other	ARMENIAN SMALL LETTER FEH	0.2667	0.0000		0
U+0587	և	Other	ARMENIAN SMALL LIGATURE ECH YIWN	0.1896	0.0000		0
U+0589	։	Other	ARMENIAN FULL STOP	0.0342	0.0000		0
U+058A	֊	Other	ARMENIAN HYPHEN	0.0272	0.0000		0
U+0606	؆	Other	ARABIC-INDIC CUBE ROOT	0.1769	0.0000		0
U+0607	؇	Other	ARABIC-INDIC FOURTH ROOT	0.1710	0.0000		0
U+0609	؉	Other	ARABIC-INDIC PER MILLE SIGN	0.1096	0.0000		0
U+060A	؊	Other	ARABIC-INDIC PER TEN THOUSAND SIGN	0.1225	0.0123		0
U+060C	،	Other	ARABIC COMMA	0.0290	0.0000		0
U+061B	؛	Other	ARABIC SEMICOLON	0.0461	0.0000		0
U+061F	؟	Other	ARABIC QUESTION MARK	0.1174	0.0000		0
U+0621	ء	Other	ARABIC LETTER HAMZA	0.0959	0.0000		0
U+0622	آ	Other	ARABIC LETTER ALEF WITH MADDA ABOVE	0.1177	0.0027		0
U+0623	أ	Other	ARABIC LETTER ALEF WITH HAMZA ABOVE	0.1107	0.0650		0
U+0624	ؤ	Other	ARABIC LETTER WAW WITH HAMZA ABOVE	0.1809	0.0000		0
U+0625	إ	Other	ARABIC LETTER ALEF WITH HAMZA BELOW	0.1184	0.0000		0
U+0626	ئ	Other	ARABIC LETTER YEH WITH HAMZA ABOVE	0.1778	0.0015		0
U+0627	ا	Other	ARABIC LETTER ALEF	0.0914	0.0000		0
U+0628	ب	Other	ARABIC LETTER BEH	0.0999	0.0000		0
U+0629	ة	Other	ARABIC LETTER TEH MARBUTA	0.1247	0.0000		0
U+062A	ت	Other	ARABIC LETTER TEH	0.1071	0.0000		0
U+062B	ث	Other	ARABIC LETTER THEH	0.1144	0.0000		0
U+062C	ج	Other	ARABIC LETTER JEEM	0.1766	0.0000		0
U+062D	ح	Other	ARABIC LETTER HAH	0.1694	0.0000		0
U+062E	خ	Other	ARABIC LETTER KHAH	0.1766	0.0000		0
U+062F	د	Other	ARABIC LETTER DAL	0.0840	0.0000		0
U+0630	ذ	Other	ARABIC LETTER THAL	0.0913	0.0000		0
U+0631	ر	Other	ARABIC LETTER REH	0.0959	0.0309		0
U+0632	ز	Other	ARABIC LETTER ZAIN	0.1032	0.0288		0
U+0633	س	Other	ARABIC LETTER SEEN	0.1539	0.1966		0
U+0634	ش	Other	ARABIC LETTER SHEEN	0.1757	0.1766		0
U+0635	ص	Other	ARABIC LETTER SAD	0.1588	0.1965		0
U+0636	ض	Other	ARABIC LETTER DAD	0.1660	0.1896		0
U+0637	ط	Other	ARABIC LETTER TAH	0.2052	0.0000		0
U+0638	ظ	Other	ARABIC LETTER ZAH	0.2125	0.0000		0
U+0639	ع	Other	ARABIC LETTER AIN	0.1812	0.0000		0
U+063A	غ	Other	ARABIC LETTER GHAIN	0.1885	0.0000		0
U+0640	ـ	Other	ARABIC TATWEEL	0.0713	0.0466		0
U+0641	ف	Other	ARABIC LETTER FEH	0.1799	0.0448		0
U+0642	ق	Other	ARABIC LETTER QAF	0.2169	0.0000		0
U+0643	ك	Other	ARABIC LETTER KAF	0.1756	0.0000		0
U+0644	ل	Other	ARABIC LETTER LAM	0.1660	0.0000		0
U+0645	م	Other	ARABIC LETTER MEEM	0.1495	0.0000		0
U+0646	ن	Other	ARABIC LETTER NOON	0.1350	0.0000		0
U+0647	ه	Other	ARABIC LETTER HEH	0.1102	0.0000		0
U+0648	و	Other	ARABIC LETTER WAW	0.1539	0.0000		0
U+0649	ى	Other	ARABIC LETTER ALEF MAKSURA	0.1508	0.0018		0
U+064A	ي	Other	ARABIC LETTER YEH	0.1653	0.0016		0
U+0660	٠	Other	ARABIC-INDIC DIGIT ZERO	0.0176	0.0000		0
U+0661	١	Other	ARABIC-INDIC DIGIT ONE	0.0769	0.0000		0
U+0662	٢	Other	ARABIC-INDIC DIGIT TWO	0.1231	0.0000		0
U+0663	٣	Other	ARABIC-INDIC DIGIT THREE	0.1441	0.0000		0
U+0664	٤	Other	ARABIC-INDIC DIGIT FOUR	0.1287	0.0000		0
U+0665	٥	Other	ARABIC-INDIC DIGIT FIVE	0.1708	0.0000		0
U+0666	٦	Other	ARABIC-INDIC DIGIT SIX	0.1101	0.0000		0
U+0667	٧	Other	ARABIC-INDIC DIGIT SEVEN	0.1398	0.0000		0
U+0668	٨	Other	ARABIC-INDIC DIGIT EIGHT	0.1398	0.0000		0
U+0669	٩	Other	ARABIC-INDIC DIGIT NINE	0.1441	0.0000		0
U+066A	٪	Other	ARABIC PERCENT SIGN	0.0952	0.0000		0
U+066B	٫	Other	ARABIC DECIMAL SEPARATOR	0.0547	0.0000		0
U+066C	٬	Other	ARABIC THOUSANDS SEPARATOR	0.0276	0.0000	U+055A	0
U+066D	٭	Other	ARABIC FIVE POINTED STAR	0.0880	0.0000		0
U+0674	ٴ	Other	ARABIC LETTER HIGH HAMZA	0.0270	0.0000		0
U+0679	ٹ	Other	ARABIC LETTER TTEH	0.1338	0.0000		0
U+067A	ٺ	Other	ARABIC LETTER TTEHEH	0.1071	0.0000		0
U+067B	ٻ	Other	ARABIC LETTER BEEH	0.1071	0.0000		0
U+067E	پ	Other	ARABIC LETTER PEH	0.1144	0.0000		0
U+067F	ٿ	Other	ARABIC LETTER TEHEH	0.1216	0.0000		0
U+0680	ڀ	Other	ARABIC LETTER BEHEH	0.1216	0.0000		0
U+0683	ڃ	Other	ARABIC LETTER NYEH	0.1839	0.0000		0
U+0684	ڄ	Other	ARABIC LETTER DYEH	0.1839	0.0000		0
U+0686	چ	Other	ARABIC LETTER TCHEH	0.1911	0.0000		0
U+0687	ڇ	Other	ARABIC LETTER TCHEHEH	0.1984	0.0000		0
U+0691	ڑ	Other	ARABIC LETTER RREH	0.1367	0.0250		0
U+0698	ژ	Other	ARABIC LETTER JEH	0.1177	0.0253		0
U+06A4	ڤ	Other	ARABIC LETTER VEH	0.1944	0.0416		0
U+06A9	ک	Other	ARABIC LETTER KEHEH	0.1635	0.0615		0
U+06AF	گ	Other	ARABIC LETTER GAF	0.1937	0.0933		0
U+06BE	ھ	Other	ARABIC LETTER HEH DOACHASHMEE	0.1859	0.0000		0
U+06CC	ی	Other	ARABIC LETTER FARSI YEH	0.1508	0.0018	U+0649	0
U+06F0	۰	Other	EXTENDED ARABIC-INDIC DIGIT ZERO	0.0176	0.0000	U+0660	0
U+06F1	۱	Other	EXTENDED ARABIC-INDIC DIGIT ONE	0.0769	0.0000	U+0661	0
U+06F2	۲	Other	EXTENDED ARABIC-INDIC DIGIT TWO	0.1231	0.0000	U+0662	0
U+06F3	۳	Other	EXTENDED ARABIC-INDIC DIGIT THREE	0.1441	0.0000	U+0663	0
U+06F4	۴	Other	EXTENDED ARABIC-INDIC DIGIT FOUR	0.1409	0.0000		0
U+06F5	۵	Other	EXTENDED ARABIC-INDIC DIGIT FIVE	0.1864	0.0000		0
U+06F6	۶	Other	EXTENDED ARABIC-INDIC DIGIT SIX	0.1125	0.0000		0
U+06F7	۷	Other	EXTENDED ARABIC-INDIC DIGIT SEVEN	0.1398	0.0000	U+0667	0
U+06F8	۸	Other	EXTENDED ARABIC-INDIC DIGIT EIGHT	0.1398	0.0000	U+0668	0
U+06F9	۹	Other	EXTENDED ARABIC-INDIC DIGIT NINE	0.1441	0.0000	U+0669	0
U+0E3F	฿	Other	THAI CURRENCY SYMBOL BAHT	0.2634	0.0000		0
U+0E81	ກ	Other	LAO LETTER KO	0.1925	0.0000		0
U+0E82	ຂ	Other	LAO LETTER KHO SUNG	0.1997	0.0000		0
U+0E84	ຄ	Other	LAO LETTER KHO TAM	0.2144	0.0000		0
U+0E87	ງ	Other	LAO LETTER NGO	0.1673	0.0000		0
U+0E88	ຈ	Other	LAO LETTER CO	0.1624	0.0000		0
U+0E8A	ຊ	Other	LAO LETTER SO TAM	0.2329	0.0002		0
U+0E8D	ຍ	Other	LAO LETTER NYO	0.1948	0.0000		0
U+0E94	ດ	Other	LAO LETTER DO	0.1786	0.0000		0
U+0E95	ຕ	Other	LAO LETTER TO	0.2021	0.0000		0
U+0E96	ຖ	Other	LAO LETTER THO SUNG	0.2190	0.0000		0
U+0E97	ທ	Other	LAO LETTER THO TAM	0.2083	0.0000		0
U+0E99	ນ	Other	LAO LETTER NO	0.1897	0.0000		0
U+0E9A	ບ	Other	LAO LETTER BO	0.1774	0.0000		0
U+0E9B	ປ	Other	LAO LETTER PO	0.2030	0.0000		0
U+0E9C	ຜ	Other	LAO LETTER PHO SUNG	0.2367	0.0175		0
U+0E9D	ຝ	Other	LAO LETTER FO TAM	0.2310	0.0000		0
U+0E9E	ພ	Other	LAO LETTER PHO TAM	0.2147	0.0000		0
U+0E9F	ຟ	Other	LAO LETTER FO SUNG	0.2406	0.0000		0
U+0EA1	ມ	Other	LAO LETTER MO	0.1789	0.0000		0
U+0EA2	ຢ	Other	LAO LETTER YO	0.2192	0.0000		0
U+0EA3	ຣ	Other	LAO LETTER LO LING	0.2027	0.0000		0
U+0EA5	ລ	Other	LAO LETTER LO LOOT	0.2113	0.0000		0
U+0EA7	ວ	Other	LAO LETTER WO	0.1776	0.0000		0
U+0EAA	ສ	Other	LAO LETTER SO SUNG	0.2667	0.0385		0
U+0EAB	ຫ	Other	LAO LETTER HO SUNG	0.2569	0.0000		0
U+0EAD	ອ	Other	LAO LETTER O	0.2225	0.0000		0
U+0EAE	ຮ	Other	LAO LETTER HO TAM	0.2200	0.0024		0
U+0EAF	ຯ	Other	LAO ELLIPSIS	0.2159	0.0000		0
U+0EB0	ະ	Other	LAO VOWEL SIGN A	0.1981	0.0000		0
U+0EB2	າ	Other	LAO VOWEL SIGN AA	0.1397	0.0000		0
U+0EB3	ຳ	Other	LAO VOWEL SIGN AM	0.1752	0.0000		0
U+10D0	ა	Other	GEORGIAN LETTER AN	0.1270	0.0000		0
U+10D1	ბ	Other	GEORGIAN LETTER BAN	0.1767	0.0000		0
U+10D2	გ	Other	GEORGIAN LETTER GAN	0.2001	0.0000		0
U+10D3	დ	Other	GEORGIAN LETTER DON	0.2253	0.0000		0
U+10D4	ე	Other	GEORGIAN LETTER EN	0.1773	0.0000		0
U+10D5	ვ	Other	GEORGIAN LETTER VIN	0.1856	0.0000		0
U+10D6	ზ	Other	GEORGIAN LETTER ZEN	0.2042	0.0000		0
U+10D7	თ	Other	GEORGIAN LETTER TAN	0.1897	0.0000		0
U+10D8	ი	Other	GEORGIAN LETTER IN	0.1332	0.0000		0
U+10D9	კ	Other	GEORGIAN LETTER KAN	0.1576	0.0000		0
U+10DA	ლ	Other	GEORGIAN LETTER LAS	0.1648	0.0000		0
U+10DB	მ	Other	GEORGIAN LETTER MAN	0.2191	0.0000		0
U+10DC	ნ	Other	GEORGIAN LETTER NAR	0.2027	0.0000		0
U+10DD	ო	Other	GEORGIAN LETTER ON	0.1628	0.0000		0
U+10DE	პ	Other	GEORGIAN LETTER PAR	0.1691	0.0000		0
U+10DF	ჟ	Other	GEORGIAN LETTER ZHAR	0.2008	0.0000		0
U+10E0	რ	Other	GEORGIAN LETTER RAE	0.2032	0.0000		0
U+10E1	ს	Other	GEORGIAN LETTER SAN	0.1717	0.0000		0
U+10E2	ტ	Other	GEORGIAN LETTER TAR	0.2287	0.0000		0
U+10E3	უ	Other	GEORGIAN LETTER UN	0.1922	0.0000		0
U+10E4	ფ	Other	GEORGIAN LETTER PHAR	0.2468	0.0000		0
U+10E5	ქ	Other	GEORGIAN LETTER KHAR	0.2097	0.0000		0
U+10E6	ღ	Other	GEORGIAN LETTER GHAN	0.2021	0.0000		0
U+10E7	ყ	Other	GEORGIAN LETTER QAR	0.1956	0.0000		0
U+10E8	შ	Other	GEORGIAN LETTER SHIN	0.2331	0.0000		0
U+10E9	ჩ	Other	GEORGIAN LETTER CHIN	0.2066	0.0000		0
U+10EA	ც	Other	GEORGIAN LETTER CAN	0.1933	0.0000		0
U+10EB	ძ	Other	GEORGIAN LETTER JIL	0.1824	0.0000		0
U+10EC	წ	Other	GEORGIAN LETTER CIL	0.2310	0.0000		0
U+10ED	ჭ	Other	GEORGIAN LETTER CHAR	0.2153	0.0000		0
U+10EE	ხ	Other	GEORGIAN LETTER XAN	0.1790	0.0000		0
U+10EF	ჯ	Other	GEORGIAN LETTER JHAN	0.1838	0.0000		0
U+10F0	ჰ	Other	GEORGIAN LETTER HAE	0.1726	0.0000		0
U+10F1	ჱ	Other	GEORGIAN LETTER HE	0.2505	0.0000		0
U+10F2	ჲ	Other	GEORGIAN LETTER HIE	0.1801	0.0000		0
U+10F3	ჳ	Other	GEORGIAN LETTER WE	0.1869	0.0000		0
U+10F4	ჴ	Other	GEORGIAN LETTER HAR	0.2039	0.0000		0
U+10F5	ჵ	Other	GEORGIAN LETTER HOE	0.2484	0.0000		0
U+10F6	ჶ	Other	GEORGIAN LETTER FI	0.2261	0.0000		0
U+10F7	ჷ	Other	GEORGIAN LETTER YN	0.1896	0.0000		0
U+10F8	ჸ	Other	GEORGIAN LETTER ELIFI	0.1956	0.0000		0
U+10F9	ჹ	Other	GEORGIAN LETTER TURNED GAN	0.2006	0.0000		0
U+10FA	ჺ	Other	GEORGIAN LETTER AIN	0.1417	0.0000		0
U+10FB	჻	Other	GEORGIAN PARAGRAPH SEPARATOR	0.0317	0.0000		0
U+10FC	ჼ	Other	MODIFIER LETTER GEORGIAN NAR	0.0532	0.0000		0
U+1D02	ᴂ	Other	LATIN SMALL LETTER TURNED AE	0.2220	0.0000		0
U+1D08	ᴈ	Other	LATIN SMALL LETTER TURNED OPEN E	0.1432	0.0000		0
U+1D09	ᴉ	Other	LATIN SMALL LETTER TURNED I	0.1261	0.0000		0
U+1D14	ᴔ	Other	LATIN SMALL LETTER TURNED OE	0.2291	0.0000		0
U+1D16	ᴖ	Other	LATIN SMALL LETTER TOP HALF O	0.0831	0.0000		0
U+1D17	ᴗ	Other	LATIN SMALL LETTER BOTTOM HALF O	0.0831	0.0000		0
U+1D1D	ᴝ	Other	LATIN SMALL LETTER SIDEWAYS U	0.1529	0.0000		0
U+1D1E	ᴞ	Other	LATIN SMALL LETTER SIDEWAYS DIAERESIZED U	0.1261	0.0000		0
U+1D1F	ᴟ	Other	LATIN SMALL LETTER SIDEWAYS TURNED M	0.2030	0.0000		0
U+1D2C	ᴬ	Other	MODIFIER LETTER CAPITAL A	0.0721	0.0000		0
U+1D2D	ᴭ	Other	MODIFIER LETTER CAPITAL AE	0.0881	0.0000		0
U+1D2E	ᴮ	Other	MODIFIER LETTER CAPITAL B	0.0910	0.0000		0
U+1D30	ᴰ	Other	MODIFIER LETTER CAPITAL D	0.0808	0.0000		0
U+1D31	ᴱ	Other	MODIFIER LETTER CAPITAL E	0.0729	0.0000		0
U+1D32	ᴲ	Other	MODIFIER LETTER CAPITAL REVERSED E	0.0735	0.0000		0
U+1D33	ᴳ	Other	MODIFIER LETTER CAPITAL G	0.0716	0.0000		0
U+1D34	ᴴ	Other	MODIFIER LETTER CAPITAL H	0.0790	0.0000		0
U+1D35	ᴵ	Other	MODIFIER LETTER CAPITAL I	0.0582	0.0000		0
U+1D36	ᴶ	Other	MODIFIER LETTER CAPITAL J	0.0523	0.0000		0
U+1D37	ᴷ	Other	MODIFIER LETTER CAPITAL K	0.0764	0.0000		0
U+1D38	ᴸ	Other	MODIFIER LETTER CAPITAL L	0.0481	0.0000		0
U+1D39	ᴹ	Other	MODIFIER LETTER CAPITAL M	0.0912	0.0000		0
U+1D3A	ᴺ	Other	MODIFIER LETTER CAPITAL N	0.0908	0.0000		0
U+1D3B	ᴻ	Other	MODIFIER LETTER CAPITAL REVERSED N	0.0908	0.0000		0
U+1D3C	ᴼ	Other	MODIFIER LETTER CAPITAL O	0.0781	0.0000		0
U+1D3E	ᴾ	Other	MODIFIER LETTER CAPITAL P	0.0700	0.0000		0
U+1D3F	ᴿ	Other	MODIFIER LETTER CAPITAL R	0.0831	0.0000		0
U+1D40	ᵀ	Other	MODIFIER LETTER CAPITAL T	0.0522	0.0000		0
U+1D41	ᵁ	Other	MODIFIER LETTER CAPITAL U	0.0729	0.0000		0
U+1D42	ᵂ	Other	MODIFIER LETTER CAPITAL W	0.0892	0.0000		0
U+1D43	ᵃ	Other	MODIFIER LETTER SMALL A	0.0637	0.0000		0
U+1D44	ᵄ	Other	MODIFIER LETTER SMALL TURNED A	0.0635	0.0000		0
U+1D45	ᵅ	Other	MODIFIER LETTER SMALL ALPHA	0.0631	0.0000		0
U+1D46	ᵆ	Other	MODIFIER LETTER SMALL TURNED AE	0.0781	0.0000		0
U+1D47	ᵇ	Other	MODIFIER LETTER SMALL B	0.0723	0.0000		0
U+1D48	ᵈ	Other	MODIFIER LETTER SMALL D	0.0722	0.0000		0
U+1D49	ᵉ	Other	MODIFIER LETTER SMALL E	0.0624	0.0000		0
U+1D4A	ᵊ	Other	MODIFIER LETTER SMALL SCHWA	0.0623	0.0000		0
U+1D4B	ᵋ	Other	MODIFIER LETTER SMALL OPEN E	0.0500	0.0000		0
U+1D4C	ᵌ	Other	MODIFIER LETTER SMALL TURNED OPEN E	0.0502	0.0000		0
U+1D4D	ᵍ	Other	MODIFIER LETTER SMALL G	0.0787	0.0000		0
U+1D4E	ᵎ	Other	MODIFIER LETTER SMALL TURNED I	0.0443	0.0000		0
U+1D4F	ᵏ	Other	MODIFIER LETTER SMALL K	0.0637	0.0000		0
U+1D50	ᵐ	Other	MODIFIER LETTER SMALL M	0.0713	0.0000		0
U+1D51	ᵑ	Other	MODIFIER LETTER SMALL ENG	0.0671	0.0000		0
U+1D52	ᵒ	Other	MODIFIER LETTER SMALL O	0.0596	0.0000		0
U+1D53	ᵓ	Other	MODIFIER LETTER SMALL OPEN O	0.0432	0.0000		0
U+1D54	ᵔ	Other	MODIFIER LETTER SMALL TOP HALF O	0.0297	0.0000		0
U+1D55	ᵕ	Other	MODIFIER LETTER SMALL BOTTOM HALF O	0.0298	0.0000		0
U+1D56	ᵖ	Other	MODIFIER LETTER SMALL P	0.0723	0.0000		0
U+1D57	ᵗ	Other	MODIFIER LETTER SMALL T	0.0465	0.0000		0
U+1D58	ᵘ	Other	MODIFIER LETTER SMALL U	0.0540	0.0000		0
U+1D59	ᵙ	Other	MODIFIER LETTER SMALL SIDEWAYS U	0.0540	0.0000		0
U+1D5A	ᵚ	Other	MODIFIER LETTER SMALL TURNED M	0.0712	0.0000		0
U+1D5B	ᵛ	Other	MODIFIER LETTER SMALL V	0.0456	0.0000		0
U+1D62	ᵢ	Other	LATIN SUBSCRIPT SMALL LETTER I	0.0445	0.0000		0
U+1D63	ᵣ	Other	LATIN SUBSCRIPT SMALL LETTER R	0.0325	0.0000		0
U+1D64	ᵤ	Other	LATIN SUBSCRIPT SMALL LETTER U	0.0540	0.0000		0
U+1D65	ᵥ	Other	LATIN SUBSCRIPT SMALL LETTER V	0.0456	0.0000		0
U+1D77	ᵷ	Other	LATIN SMALL LETTER TURNED G	0.2228	0.0000		0
U+1D78	ᵸ	Other	MODIFIER LETTER CYRILLIC EN	0.0790	0.0000	U+1D34	0
U+1D7B	ᵻ	Other	LATIN SMALL CAPITAL LETTER I WITH STROKE	0.1716	0.0000		0
U+1D85	ᶅ	Other	LATIN SMALL LETTER L WITH PALATAL HOOK	0.1576	0.0000		0
U+1D9B	ᶛ	Other	MODIFIER LETTER SMALL TURNED ALPHA	0.0632	0.0000		0
U+1D9C	ᶜ	Other	MODIFIER LETTER SMALL C	0.0432	0.0000		0
U+1D9D	ᶝ	Other	MODIFIER LETTER SMALL C WITH CURL	0.0559	0.0000		0
U+1D9E	ᶞ	Other	MODIFIER LETTER SMALL ETH	0.0756	0.0000		0
U+1D9F	ᶟ	Other	MODIFIER LETTER SMALL REVERSED OPEN E	0.0500	0.0000		0
U+1DA0	ᶠ	Other	MODIFIER LETTER SMALL F	0.0482	0.0000		0
U+1DA1	ᶡ	Other	MODIFIER LETTER SMALL DOTLESS J WITH STROKE	0.0513	0.0000		0
U+1DA2	ᶢ	Other	MODIFIER LETTER SMALL SCRIPT G	0.0787	0.0000		0
U+1DA3	ᶣ	Other	MODIFIER LETTER SMALL TURNED H	0.0630	0.0000		0
U+1DA4	ᶤ	Other	MODIFIER LETTER SMALL I WITH STROKE	0.0583	0.0000		0
U+1DA5	ᶥ	Other	MODIFIER LETTER SMALL IOTA	0.0321	0.0000		0
U+1DA6	ᶦ	Other	MODIFIER LETTER SMALL CAPITAL I	0.0467	0.0000		0
U+1DA7	ᶧ	Other	MODIFIER LETTER SMALL CAPITAL I WITH STROKE	0.0604	0.0000		0
U+1DA8	ᶨ	Other	MODIFIER LETTER SMALL J WITH CROSSED-TAIL	0.0543	0.0000		0
U+1DA9	ᶩ	Other	MODIFIER LETTER SMALL L WITH RETROFLEX HOOK	0.0511	0.0000		0
U+1DAA	ᶪ	Other	MODIFIER LETTER SMALL L WITH PALATAL HOOK	0.0553	0.0000		0
U+1DAB	ᶫ	Other	MODIFIER LETTER SMALL CAPITAL L	0.0366	0.0000		0
U+1DAC	ᶬ	Other	MODIFIER LETTER SMALL M WITH HOOK	0.0828	0.0000		0
U+1DAD	ᶭ	Other	MODIFIER LETTER SMALL TURNED M WITH LONG LEG	0.0798	0.0000		0
U+1DAE	ᶮ	Other	MODIFIER LETTER SMALL N WITH LEFT HOOK	0.0494	0.0000		0
U+1DAF	ᶯ	Other	MODIFIER LETTER SMALL N WITH RETROFLEX HOOK	0.0496	0.0000		0
U+1DB0	ᶰ	Other	MODIFIER LETTER SMALL CAPITAL N	0.0734	0.0000		0
U+1DB1	ᶱ	Other	MODIFIER LETTER SMALL BARRED O	0.0698	0.0000		0
U+1DB2	ᶲ	Other	MODIFIER LETTER SMALL PHI	0.1112	0.0000		0
U+1DB3	ᶳ	Other	MODIFIER LETTER SMALL S WITH HOOK	0.0651	0.0000		0
U+1DB4	ᶴ	Other	MODIFIER LETTER SMALL ESH	0.0471	0.0000		0
U+1DB5	ᶵ	Other	MODIFIER LETTER SMALL T WITH PALATAL HOOK	0.0597	0.0000		0
U+1DB6	ᶶ	Other	MODIFIER LETTER SMALL U BAR	0.0726	0.0000		0
U+1DB7	ᶷ	Other	MODIFIER LETTER SMALL UPSILON	0.0656	0.0000		0
U+1DB9	ᶹ	Other	MODIFIER LETTER SMALL V WITH HOOK	0.0499	0.0000		0
U+1DBA	ᶺ	Other	MODIFIER LETTER SMALL TURNED V	0.0476	0.0000		0
U+1DBB	ᶻ	Other	MODIFIER LETTER SMALL Z	0.0472	0.0000		0
U+1DBC	ᶼ	Other	MODIFIER LETTER SMALL Z WITH RETROFLEX HOOK	0.0460	0.0000		0
U+1DBD	ᶽ	Other	MODIFIER LETTER SMALL Z WITH CURL	0.0617	0.0000		0
U+1DBE	ᶾ	Other	MODIFIER LETTER SMALL EZH	0.0663	0.0000		0
U+1DBF	ᶿ	Other	MODIFIER LETTER SMALL THETA	0.0837	0.0000		0
U+1E00	Ḁ	Latin Ext Additional	LATIN CAPITAL LETTER A WITH RING BELOW	0.2405	0.0000		0
U+1E01	ḁ	Latin Ext Additional	LATIN SMALL LETTER A WITH RING BELOW	0.2060	0.0000		0
U+1E02	Ḃ	Latin Ext Additional	LATIN CAPITAL LETTER B WITH DOT ABOVE	0.2689	0.0000		0
U+1E03	ḃ	Latin Ext Additional	LATIN SMALL LETTER B WITH DOT ABOVE	0.2176	0.0000		0
U+1E04	Ḅ	Latin Ext Additional	LATIN CAPITAL LETTER B WITH DOT BELOW	0.2689	0.0000		0
U+1E05	ḅ	Latin Ext Additional	LATIN SMALL LETTER B WITH DOT BELOW	0.2176	0.0000		0
U+1E06	Ḇ	Latin Ext Additional	LATIN CAPITAL LETTER B WITH LINE BELOW	0.2830	0.0000		0
U+1E07	ḇ	Latin Ext Additional	LATIN SMALL LETTER B WITH LINE BELOW	0.2317	0.0000		0
U+1E08	Ḉ	Latin Ext Additional	LATIN CAPITAL LETTER C WITH CEDILLA AND ACUTE	0.1883	0.0000		0
U+1E09	ḉ	Latin Ext Additional	LATIN SMALL LETTER C WITH CEDILLA AND ACUTE	0.1626	0.0000		0
U+1E0A	Ḋ	Latin Ext Additional	LATIN CAPITAL LETTER D WITH DOT ABOVE	0.2419	0.0000		0
U+1E0B	ḋ	Latin Ext Additional	LATIN SMALL LETTER D WITH DOT ABOVE	0.2177	0.0000		0
U+1E0C	Ḍ	Latin Ext Additional	LATIN CAPITAL LETTER D WITH DOT BELOW	0.2419	0.0000		0
U+1E0D	ḍ	Latin Ext Additional	LATIN SMALL LETTER D WITH DOT BELOW	0.2177	0.0000		0
U+1E0E	Ḏ	Latin Ext Additional	LATIN CAPITAL LETTER D WITH LINE BELOW	0.2560	0.0000		0
U+1E0F	ḏ	Latin Ext Additional	LATIN SMALL LETTER D WITH LINE BELOW	0.2318	0.0000		0
U+1E10	Ḑ	Latin Ext Additional	LATIN CAPITAL LETTER D WITH CEDILLA	0.2537	0.0000		0
U+1E11	ḑ	Latin Ext Additional	LATIN SMALL LETTER D WITH CEDILLA	0.2296	0.0000		0
U+1E12	Ḓ	Latin Ext Additional	LATIN CAPITAL LETTER D WITH CIRCUMFLEX BELOW	0.2602	0.0000		0
U+1E13	ḓ	Latin Ext Additional	LATIN SMALL LETTER D WITH CIRCUMFLEX BELOW	0.2361	0.0000		0
U+1E18	Ḙ	Latin Ext Additional	LATIN CAPITAL LETTER E WITH CIRCUMFLEX BELOW	0.2305	0.0000		0
U+1E19	ḙ	Latin Ext Additional	LATIN SMALL LETTER E WITH CIRCUMFLEX BELOW	0.2037	0.0000		0
U+1E1A	Ḛ	Latin Ext Additional	LATIN CAPITAL LETTER E WITH TILDE BELOW	0.2353	0.0000		0
U+1E1B	ḛ	Latin Ext Additional	LATIN SMALL LETTER E WITH TILDE BELOW	0.2085	0.0000		0
U+1E1C	Ḝ	Latin Ext Additional	LATIN CAPITAL LETTER E WITH CEDILLA AND BREVE	0.2527	0.0000		0
U+1E1D	ḝ	Latin Ext Additional	LATIN SMALL LETTER E WITH CEDILLA AND BREVE	0.2305	0.0000		0
U+1E1E	Ḟ	Latin Ext Additional	LATIN CAPITAL LETTER F WITH DOT ABOVE	0.1758	0.0000		0
U+1E1F	ḟ	Latin Ext Additional	LATIN SMALL LETTER F WITH DOT ABOVE	0.1554	0.0000		0
U+1E20	Ḡ	Latin Ext Additional	LATIN CAPITAL LETTER G WITH MACRON	0.2232	0.0000		0
U+1E21	ḡ	Latin Ext Additional	LATIN SMALL LETTER G WITH MACRON	0.2519	0.0000		0
U+1E22	Ḣ	Latin Ext Additional	LATIN CAPITAL LETTER H WITH DOT ABOVE	0.2389	0.0000		0
U+1E23	ḣ	Latin Ext Additional	LATIN SMALL LETTER H WITH DOT ABOVE	0.1945	0.0000		0
U+1E24	Ḥ	Latin Ext Additional	LATIN CAPITAL LETTER H WITH DOT BELOW	0.2389	0.0000		0
U+1E25	ḥ	Latin Ext Additional	LATIN SMALL LETTER H WITH DOT BELOW	0.1945	0.0000		0
U+1E26	Ḧ	Latin Ext Additional	LATIN CAPITAL LETTER H WITH DIAERESIS	0.2534	0.0000		0
U+1E27	ḧ	Latin Ext Additional	LATIN SMALL LETTER H WITH DIAERESIS	0.2090	0.0000		0
U+1E28	Ḩ	Latin Ext Additional	LATIN CAPITAL LETTER H WITH CEDILLA	0.2508	0.0000		0
U+1E29	ḩ	Latin Ext Additional	LATIN SMALL LETTER H WITH CEDILLA	0.2063	0.0000		0
U+1E2A	Ḫ	Latin Ext Additional	LATIN CAPITAL LETTER H WITH BREVE BELOW	0.2574	0.0000		0
U+1E2B	ḫ	Latin Ext Additional	LATIN SMALL LETTER H WITH BREVE BELOW	0.2129	0.0000		0
U+1E2C	Ḭ	Latin Ext Additional	LATIN CAPITAL LETTER I WITH TILDE BELOW	0.1971	0.0000		0
U+1E2D	ḭ	Latin Ext Additional	LATIN SMALL LETTER I WITH TILDE BELOW	0.1677	0.0000		0
U+1E30	Ḱ	Latin Ext Additional	LATIN CAPITAL LETTER K WITH ACUTE	0.2326	0.0001		0
U+1E31	ḱ	Latin Ext Additional	LATIN SMALL LETTER K WITH ACUTE	0.1957	0.0000		0
U+1E32	Ḳ	Latin Ext Additional	LATIN CAPITAL LETTER K WITH DOT BELOW	0.2352	0.0001		0
U+1E33	ḳ	Latin Ext Additional	LATIN SMALL LETTER K WITH DOT BELOW	0.1983	0.0000		0
U+1E34	Ḵ	Latin Ext Additional	LATIN CAPITAL LETTER K WITH LINE BELOW	0.2493	0.0001		0
U+1E35	ḵ	Latin Ext Additional	LATIN SMALL LETTER K WITH LINE BELOW	0.2124	0.0000		0
U+1E36	Ḷ	Latin Ext Additional	LATIN CAPITAL LETTER L WITH DOT BELOW	0.1487	0.0000		0
U+1E37	ḷ	Latin Ext Additional	LATIN SMALL LETTER L WITH DOT BELOW	0.1365	0.0000		0
U+1E38	Ḹ	Latin Ext Additional	LATIN CAPITAL LETTER L WITH DOT BELOW AND MACRON	0.1778	0.0000		0
U+1E39	ḹ	Latin Ext Additional	LATIN SMALL LETTER L WITH DOT BELOW AND MACRON	0.1655	0.0000		0
U+1E3A	Ḻ	Latin Ext Additional	LATIN CAPITAL LETTER L WITH LINE BELOW	0.1628	0.0000		0
U+1E3B	ḻ	Latin Ext Additional	LATIN SMALL LETTER L WITH LINE BELOW	0.1506	0.0000		0
U+1E3C	Ḽ	Latin Ext Additional	LATIN CAPITAL LETTER L WITH CIRCUMFLEX BELOW	0.1671	0.0000		0
U+1E3D	ḽ	Latin Ext Additional	LATIN SMALL LETTER L WITH CIRCUMFLEX BELOW	0.1549	0.0000		0
U+1E3E	Ḿ	Latin Ext Additional	LATIN CAPITAL LETTER M WITH ACUTE	0.2763	0.0000		0
U+1E3F	ḿ	Latin Ext Additional	LATIN SMALL LETTER M WITH ACUTE	0.2246	0.0000		0
U+1E40	Ṁ	Latin Ext Additional	LATIN CAPITAL LETTER M WITH DOT ABOVE	0.2788	0.0000		0
U+1E41	ṁ	Latin Ext Additional	LATIN SMALL LETTER M WITH DOT ABOVE	0.2182	0.0000		0
U+1E42	Ṃ	Latin Ext Additional	LATIN CAPITAL LETTER M WITH DOT BELOW	0.2788	0.0000		0
U+1E43	ṃ	Latin Ext Additional	LATIN SMALL LETTER M WITH DOT BELOW	0.2182	0.0000		0
U+1E44	Ṅ	Latin Ext Additional	LATIN CAPITAL LETTER N WITH DOT ABOVE	0.2768	0.0000		0
U+1E45	ṅ	Latin Ext Additional	LATIN SMALL LETTER N WITH DOT ABOVE	0.1677	0.0000		0
U+1E46	Ṇ	Latin Ext Additional	LATIN CAPITAL LETTER N WITH DOT BELOW	0.2768	0.0000		0
U+1E47	ṇ	Latin Ext Additional	LATIN SMALL LETTER N WITH DOT BELOW	0.1677	0.0000		0
U+1E48	Ṉ	Latin Ext Additional	LATIN CAPITAL LETTER N WITH LINE BELOW	0.2909	0.0000		0
U+1E49	ṉ	Latin Ext Additional	LATIN SMALL LETTER N WITH LINE BELOW	0.1818	0.0000		0
U+1E4A	Ṋ	Latin Ext Additional	LATIN CAPITAL LETTER N WITH CIRCUMFLEX BELOW	0.2952	0.0000		0
U+1E4B	ṋ	Latin Ext Additional	LATIN SMALL LETTER N WITH CIRCUMFLEX BELOW	0.1861	0.0000		0
U+1E4C	Ṍ	Latin Ext Additional	LATIN CAPITAL LETTER O WITH TILDE AND ACUTE	0.2508	0.0328		0
U+1E4D	ṍ	Latin Ext Additional	LATIN SMALL LETTER O WITH TILDE AND ACUTE	0.2113	0.0416		0
U+1E54	Ṕ	Latin Ext Additional	LATIN CAPITAL LETTER P WITH ACUTE	0.2082	0.0000		0
U+1E55	ṕ	Latin Ext Additional	LATIN SMALL LETTER P WITH ACUTE	0.2245	0.0000		0
U+1E56	Ṗ	Latin Ext Additional	LATIN CAPITAL LETTER P WITH DOT ABOVE	0.2108	0.0000		0
U+1E57	ṗ	Latin Ext Additional	LATIN SMALL LETTER P WITH DOT ABOVE	0.2181	0.0000		0
U+1E58	Ṙ	Latin Ext Additional	LATIN CAPITAL LETTER R WITH DOT ABOVE	0.2501	0.0005		0
U+1E59	ṙ	Latin Ext Additional	LATIN SMALL LETTER R WITH DOT ABOVE	0.1137	0.0000		0
U+1E5A	Ṛ	Latin Ext Additional	LATIN CAPITAL LETTER R WITH DOT BELOW	0.2501	0.0005		0
U+1E5B	ṛ	Latin Ext Additional	LATIN SMALL LETTER R WITH DOT BELOW	0.1137	0.0000		0
U+1E5C	Ṝ	Latin Ext Additional	LATIN CAPITAL LETTER R WITH DOT BELOW AND MACRON	0.2791	0.0004		0
U+1E5D	ṝ	Latin Ext Additional	LATIN SMALL LETTER R WITH DOT BELOW AND MACRON	0.1427	0.0000		0
U+1E5E	Ṟ	Latin Ext Additional	LATIN CAPITAL LETTER R WITH LINE BELOW	0.2641	0.0005		0
U+1E5F	ṟ	Latin Ext Additional	LATIN SMALL LETTER R WITH LINE BELOW	0.1278	0.0000		0
U+1E60	Ṡ	Latin Ext Additional	LATIN CAPITAL LETTER S WITH DOT ABOVE	0.1961	0.0000		0
U+1E61	ṡ	Latin Ext Additional	LATIN SMALL LETTER S WITH DOT ABOVE	0.1512	0.0000		0
U+1E62	Ṣ	Latin Ext Additional	LATIN CAPITAL LETTER S WITH DOT BELOW	0.1961	0.0000		0
U+1E63	ṣ	Latin Ext Additional	LATIN SMALL LETTER S WITH DOT BELOW	0.1512	0.0000		0
U+1E68	Ṩ	Latin Ext Additional	LATIN CAPITAL LETTER S WITH DOT BELOW AND DOT ABOVE	0.2111	0.0000		0
U+1E69	ṩ	Latin Ext Additional	LATIN SMALL LETTER S WITH DOT BELOW AND DOT ABOVE	0.1661	0.0000		0
U+1E6A	Ṫ	Latin Ext Additional	LATIN CAPITAL LETTER T WITH DOT ABOVE	0.1592	0.0000		0
U+1E6B	ṫ	Latin Ext Additional	LATIN SMALL LETTER T WITH DOT ABOVE	0.1504	0.0000		0
U+1E6C	Ṭ	Latin Ext Additional	LATIN CAPITAL LETTER T WITH DOT BELOW	0.1592	0.0000		0
U+1E6D	ṭ	Latin Ext Additional	LATIN SMALL LETTER T WITH DOT BELOW	0.1504	0.0000		0
U+1E6E	Ṯ	Latin Ext Additional	LATIN CAPITAL LETTER T WITH LINE BELOW	0.1733	0.0000		0
U+1E6F	ṯ	Latin Ext Additional	LATIN SMALL LETTER T WITH LINE BELOW	0.1645	0.0000		0
U+1E70	Ṱ	Latin Ext Additional	LATIN CAPITAL LETTER T WITH CIRCUMFLEX BELOW	0.1775	0.0000		0
U+1E71	ṱ	Latin Ext Additional	LATIN SMALL LETTER T WITH CIRCUMFLEX BELOW	0.1687	0.0000		0
U+1E72	Ṳ	Latin Ext Additional	LATIN CAPITAL LETTER U WITH DIAERESIS BELOW	0.2334	0.0000		0
U+1E73	ṳ	Latin Ext Additional	LATIN SMALL LETTER U WITH DIAERESIS BELOW	0.1822	0.0000		0
U+1E74	Ṵ	Latin Ext Additional	LATIN CAPITAL LETTER U WITH TILDE BELOW	0.2422	0.0000		0
U+1E75	ṵ	Latin Ext Additional	LATIN SMALL LETTER U WITH TILDE BELOW	0.1910	0.0000		0
U+1E76	Ṷ	Latin Ext Additional	LATIN CAPITAL LETTER U WITH CIRCUMFLEX BELOW	0.2374	0.0000		0
U+1E77	ṷ	Latin Ext Additional	LATIN SMALL LETTER U WITH CIRCUMFLEX BELOW	0.1862	0.0000		0
U+1E78	Ṹ	Latin Ext Additional	LATIN CAPITAL LETTER U WITH TILDE AND ACUTE	0.2416	0.0340		0
U+1E79	ṹ	Latin Ext Additional	LATIN SMALL LETTER U WITH TILDE AND ACUTE	0.2032	0.0432		0
U+1E7C	Ṽ	Latin Ext Additional	LATIN CAPITAL LETTER V WITH TILDE	0.2137	0.0000		0
U+1E7D	ṽ	Latin Ext Additional	LATIN SMALL LETTER V WITH TILDE	0.1699	0.0000		0
U+1E7E	Ṿ	Latin Ext Additional	LATIN CAPITAL LETTER V WITH DOT BELOW	0.1950	0.0000		0
U+1E7F	ṿ	Latin Ext Additional	LATIN SMALL LETTER V WITH DOT BELOW	0.1467	0.0000		0
U+1E80	Ẁ	Latin Ext Additional	LATIN CAPITAL LETTER W WITH GRAVE	0.2723	0.0014		0
U+1E81	ẁ	Latin Ext Additional	LATIN SMALL LETTER W WITH GRAVE	0.2028	0.0012		0
U+1E82	Ẃ	Latin Ext Additional	LATIN CAPITAL LETTER W WITH ACUTE	0.2724	0.0014		0
U+1E83	ẃ	Latin Ext Additional	LATIN SMALL LETTER W WITH ACUTE	0.2028	0.0012		0
U+1E84	Ẅ	Latin Ext Additional	LATIN CAPITAL LETTER W WITH DIAERESIS	0.2894	0.0013		0
U+1E85	ẅ	Latin Ext Additional	LATIN SMALL LETTER W WITH DIAERESIS	0.2109	0.0012		0
U+1E86	Ẇ	Latin Ext Additional	LATIN CAPITAL LETTER W WITH DOT ABOVE	0.2749	0.0014		0
U+1E87	ẇ	Latin Ext Additional	LATIN SMALL LETTER W WITH DOT ABOVE	0.1964	0.0012		0
U+1E88	Ẉ	Latin Ext Additional	LATIN CAPITAL LETTER W WITH DOT BELOW	0.2749	0.0014		0
U+1E89	ẉ	Latin Ext Additional	LATIN SMALL LETTER W WITH DOT BELOW	0.1964	0.0012		0
U+1E8A	Ẋ	Latin Ext Additional	LATIN CAPITAL LETTER X WITH DOT ABOVE	0.2060	0.0000		0
U+1E8B	ẋ	Latin Ext Additional	LATIN SMALL LETTER X WITH DOT ABOVE	0.1546	0.0000		0
U+1E8C	Ẍ	Latin Ext Additional	LATIN CAPITAL LETTER X WITH DIAERESIS	0.2205	0.0000		0
U+1E8D	ẍ	Latin Ext Additional	LATIN SMALL LETTER X WITH DIAERESIS	0.1691	0.0000		0
U+1E8E	Ẏ	Latin Ext Additional	LATIN CAPITAL LETTER Y WITH DOT ABOVE	0.1634	0.0000		0
U+1E8F	ẏ	Latin Ext Additional	LATIN SMALL LETTER Y WITH DOT ABOVE	0.1825	0.0000		0
U+1E90	Ẑ	Latin Ext Additional	LATIN CAPITAL LETTER Z WITH CIRCUMFLEX	0.2060	0.0277		0
U+1E91	ẑ	Latin Ext Additional	LATIN SMALL LETTER Z WITH CIRCUMFLEX	0.1692	0.0000		0
U+1E92	Ẓ	Latin Ext Additional	LATIN CAPITAL LETTER Z WITH DOT BELOW	0.1987	0.0000		0
U+1E93	ẓ	Latin Ext Additional	LATIN SMALL LETTER Z WITH DOT BELOW	0.1508	0.0000		0
U+1E94	Ẕ	Latin Ext Additional	LATIN CAPITAL LETTER Z WITH LINE BELOW	0.2128	0.0000		0
U+1E95	ẕ	Latin Ext Additional	LATIN SMALL LETTER Z WITH LINE BELOW	0.1649	0.0000		0
U+1E96	ẖ	Latin Ext Additional	LATIN SMALL LETTER H WITH LINE BELOW	0.2086	0.0000		0
U+1E97	ẗ	Latin Ext Additional	LATIN SMALL LETTER T WITH DIAERESIS	0.1649	0.0000		0
U+1E98	ẘ	Latin Ext Additional	LATIN SMALL LETTER W WITH RING ABOVE	0.2376	0.0010		0
U+1E99	ẙ	Latin Ext Additional	LATIN SMALL LETTER Y WITH RING ABOVE	0.2238	0.0000		0
U+1E9B	ẛ	Latin Ext Additional	LATIN SMALL LETTER LONG S WITH DOT ABOVE	0.1367	0.0000		0
U+1E9F	ẟ	Latin Ext Additional	LATIN SMALL LETTER DELTA	0.2205	0.0000	U+03B4	0
U+1EA0	Ạ	Latin Ext Additional	LATIN CAPITAL LETTER A WITH DOT BELOW	0.2244	0.0000		0
U+1EA1	ạ	Latin Ext Additional	LATIN SMALL LETTER A WITH DOT BELOW	0.1899	0.0000		0
U+1EAC	Ậ	Latin Ext Additional	LATIN CAPITAL LETTER A WITH CIRCUMFLEX AND DOT BELOW	0.2466	0.0233		0
U+1EAD	ậ	Latin Ext Additional	LATIN SMALL LETTER A WITH CIRCUMFLEX AND DOT BELOW	0.2231	0.0000		0
U+1EB0	Ằ	Latin Ext Additional	LATIN CAPITAL LETTER A WITH BREVE AND GRAVE	0.2420	0.0338		0
U+1EB1	ằ	Latin Ext Additional	LATIN SMALL LETTER A WITH BREVE AND GRAVE	0.2250	0.0204		0
U+1EB6	Ặ	Latin Ext Additional	LATIN CAPITAL LETTER A WITH BREVE AND DOT BELOW	0.2531	0.0000		0
U+1EB7	ặ	Latin Ext Additional	LATIN SMALL LETTER A WITH BREVE AND DOT BELOW	0.2232	0.0000		0
U+1EB8	Ẹ	Latin Ext Additional	LATIN CAPITAL LETTER E WITH DOT BELOW	0.2121	0.0000		0
U+1EB9	ẹ	Latin Ext Additional	LATIN SMALL LETTER E WITH DOT BELOW	0.1853	0.0000		0
U+1EBC	Ẽ	Latin Ext Additional	LATIN CAPITAL LETTER E WITH TILDE	0.2308	0.0000		0
U+1EBD	ẽ	Latin Ext Additional	LATIN SMALL LETTER E WITH TILDE	0.2085	0.0000		0
U+1EC6	Ệ	Latin Ext Additional	LATIN CAPITAL LETTER E WITH CIRCUMFLEX AND DOT BELOW	0.2344	0.0244		0
U+1EC7	ệ	Latin Ext Additional	LATIN SMALL LETTER E WITH CIRCUMFLEX AND DOT BELOW	0.2186	0.0000		0
U+1ECA	Ị	Latin Ext Additional	LATIN CAPITAL LETTER I WITH DOT BELOW	0.1739	0.0000		0
U+1ECB	ị	Latin Ext Additional	LATIN SMALL LETTER I WITH DOT BELOW	0.1445	0.0000		0
U+1ECC	Ọ	Latin Ext Additional	LATIN CAPITAL LETTER O WITH DOT BELOW	0.2282	0.0000		0
U+1ECD	ọ	Latin Ext Additional	LATIN SMALL LETTER O WITH DOT BELOW	0.1759	0.0000		0
U+1ED8	Ộ	Latin Ext Additional	LATIN CAPITAL LETTER O WITH CIRCUMFLEX AND DOT BELOW	0.2505	0.0229		0
U+1ED9	ộ	Latin Ext Additional	LATIN SMALL LETTER O WITH CIRCUMFLEX AND DOT BELOW	0.2092	0.0000		0
U+1EDA	Ớ	Latin Ext Additional	LATIN CAPITAL LETTER O WITH HORN AND ACUTE	0.2475	0.0000		0
U+1EDB	ớ	Latin Ext Additional	LATIN SMALL LETTER O WITH HORN AND ACUTE	0.2016	0.0000		0
U+1EDC	Ờ	Latin Ext Additional	LATIN CAPITAL LETTER O WITH HORN AND GRAVE	0.2475	0.0000		0
U+1EDD	ờ	Latin Ext Additional	LATIN SMALL LETTER O WITH HORN AND GRAVE	0.2016	0.0000		0
U+1EE0	Ỡ	Latin Ext Additional	LATIN CAPITAL LETTER O WITH HORN AND TILDE	0.2687	0.0000		0
U+1EE1	ỡ	Latin Ext Additional	LATIN SMALL LETTER O WITH HORN AND TILDE	0.2184	0.0000		0
U+1EE2	Ợ	Latin Ext Additional	LATIN CAPITAL LETTER O WITH HORN AND DOT BELOW	0.2501	0.0000		0
U+1EE3	ợ	Latin Ext Additional	LATIN SMALL LETTER O WITH HORN AND DOT BELOW	0.1952	0.0000		0
U+1EE4	Ụ	Latin Ext Additional	LATIN CAPITAL LETTER U WITH DOT BELOW	0.2190	0.0000		0
U+1EE5	ụ	Latin Ext Additional	LATIN SMALL LETTER U WITH DOT BELOW	0.1678	0.0000		0
U+1EE8	Ứ	Latin Ext Additional	LATIN CAPITAL LETTER U WITH HORN AND ACUTE	0.2363	0.0014		0
U+1EE9	ứ	Latin Ext Additional	LATIN SMALL LETTER U WITH HORN AND ACUTE	0.1953	0.0000		0
U+1EEA	Ừ	Latin Ext Additional	LATIN CAPITAL LETTER U WITH HORN AND GRAVE	0.2363	0.0014		0
U+1EEB	ừ	Latin Ext Additional	LATIN SMALL LETTER U WITH HORN AND GRAVE	0.1953	0.0000		0
U+1EEE	Ữ	Latin Ext Additional	LATIN CAPITAL LETTER U WITH HORN AND TILDE	0.2575	0.0013		0
U+1EEF	ữ	Latin Ext Additional	LATIN SMALL LETTER U WITH HORN AND TILDE	0.2121	0.0000		0
U+1EF0	Ự	Latin Ext Additional	LATIN CAPITAL LETTER U WITH HORN AND DOT BELOW	0.2389	0.0014		0
U+1EF1	ự	Latin Ext Additional	LATIN SMALL LETTER U WITH HORN AND DOT BELOW	0.1889	0.0000		0
U+1EF2	Ỳ	Latin Ext Additional	LATIN CAPITAL LETTER Y WITH GRAVE	0.1608	0.0000		0
U+1EF3	ỳ	Latin Ext Additional	LATIN SMALL LETTER Y WITH GRAVE	0.1889	0.0000		0
U+1EF4	Ỵ	Latin Ext Additional	LATIN CAPITAL LETTER Y WITH DOT BELOW	0.1634	0.0000		0
U+1EF5	ỵ	Latin Ext Additional	LATIN SMALL LETTER Y WITH DOT BELOW	0.1826	0.0000		0
U+1EF8	Ỹ	Latin Ext Additional	LATIN CAPITAL LETTER Y WITH TILDE	0.1820	0.0000		0
U+1EF9	ỹ	Latin Ext Additional	LATIN SMALL LETTER Y WITH TILDE	0.2058	0.0000		0
U+1F00	ἀ	Other	GREEK SMALL LETTER ALPHA WITH PSILI	0.2194	0.0000		0
U+1F01	ἁ	Other	GREEK SMALL LETTER ALPHA WITH DASIA	0.2193	0.0000		0
U+1F02	ἂ	Other	GREEK SMALL LETTER ALPHA WITH PSILI AND VARIA	0.2408	0.0000		0
U+1F03	ἃ	Other	GREEK SMALL LETTER ALPHA WITH DASIA AND VARIA	0.2406	0.0000		0
U+1F04	ἄ	Other	GREEK SMALL LETTER ALPHA WITH PSILI AND OXIA	0.2407	0.0000		0
U+1F05	ἅ	Other	GREEK SMALL LETTER ALPHA WITH DASIA AND OXIA	0.2407	0.0000		0
U+1F06	ἆ	Other	GREEK SMALL LETTER ALPHA WITH PSILI AND PERISPOMENI	0.2499	0.0296		0
U+1F07	ἇ	Other	GREEK SMALL LETTER ALPHA WITH DASIA AND PERISPOMENI	0.2498	0.0296		0
U+1F08	Ἀ	Other	GREEK CAPITAL LETTER ALPHA WITH PSILI	0.2331	0.0000		0
U+1F09	Ἁ	Other	GREEK CAPITAL LETTER ALPHA WITH DASIA	0.2331	0.0000		0
U+1F0A	Ἂ	Other	GREEK CAPITAL LETTER ALPHA WITH PSILI AND VARIA	0.2281	0.1037		0
U+1F0B	Ἃ	Other	GREEK CAPITAL LETTER ALPHA WITH DASIA AND VARIA	0.2281	0.1032	U+1F0A	0
U+1F0C	Ἄ	Other	GREEK CAPITAL LETTER ALPHA WITH PSILI AND OXIA	0.2317	0.0896		0
U+1F0D	Ἅ	Other	GREEK CAPITAL LETTER ALPHA WITH DASIA AND OXIA	0.2308	0.0927		0
U+1F0E	Ἆ	Other	GREEK CAPITAL LETTER ALPHA WITH PSILI AND PERISPOMENI	0.2604	0.0400		0
U+1F0F	Ἇ	Other	GREEK CAPITAL LETTER ALPHA WITH DASIA AND PERISPOMENI	0.2566	0.0537		0
U+1F10	ἐ	Other	GREEK SMALL LETTER EPSILON WITH PSILI	0.1611	0.0000		0
U+1F11	ἑ	Other	GREEK SMALL LETTER EPSILON WITH DASIA	0.1610	0.0000		0
U+1F12	ἒ	Other	GREEK SMALL LETTER EPSILON WITH PSILI AND VARIA	0.1824	0.0000		0
U+1F13	ἓ	Other	GREEK SMALL LETTER EPSILON WITH DASIA AND VARIA	0.1823	0.0000		0
U+1F14	ἔ	Other	GREEK SMALL LETTER EPSILON WITH PSILI AND OXIA	0.1824	0.0000		0
U+1F15	ἕ	Other	GREEK SMALL LETTER EPSILON WITH DASIA AND OXIA	0.1823	0.0000		0
U+1F18	Ἐ	Other	GREEK CAPITAL LETTER EPSILON WITH PSILI	0.2094	0.0522		0
U+1F19	Ἑ	Other	GREEK CAPITAL LETTER EPSILON WITH DASIA	0.2073	0.0610		0
U+1F1A	Ἒ	Other	GREEK CAPITAL LETTER EPSILON WITH PSILI AND VARIA	0.2011	0.1698		0
U+1F1B	Ἓ	Other	GREEK CAPITAL LETTER EPSILON WITH DASIA AND VARIA	0.2011	0.1693	U+1F1A	0
U+1F1C	Ἔ	Other	GREEK CAPITAL LETTER EPSILON WITH PSILI AND OXIA	0.2086	0.1388		0
U+1F1D	Ἕ	Other	GREEK CAPITAL LETTER EPSILON WITH DASIA AND OXIA	0.2086	0.1384	U+1F1C	0
U+1F20	ἠ	Other	GREEK SMALL LETTER ETA WITH PSILI	0.2035	0.0000		0
U+1F21	ἡ	Other	GREEK SMALL LETTER ETA WITH DASIA	0.2034	0.0000		0
U+1F22	ἢ	Other	GREEK SMALL LETTER ETA WITH PSILI AND VARIA	0.2248	0.0000		0
U+1F23	ἣ	Other	GREEK SMALL LETTER ETA WITH DASIA AND VARIA	0.2247	0.0000		0
U+1F24	ἤ	Other	GREEK SMALL LETTER ETA WITH PSILI AND OXIA	0.2248	0.0000		0
U+1F25	ἥ	Other	GREEK SMALL LETTER ETA WITH DASIA AND OXIA	0.2247	0.0000		0
U+1F26	ἦ	Other	GREEK SMALL LETTER ETA WITH PSILI AND PERISPOMENI	0.2340	0.0316		0
U+1F27	ἧ	Other	GREEK SMALL LETTER ETA WITH DASIA AND PERISPOMENI	0.2339	0.0316		0
U+1F28	Ἠ	Other	GREEK CAPITAL LETTER ETA WITH PSILI	0.2301	0.0710		0
U+1F29	Ἡ	Other	GREEK CAPITAL LETTER ETA WITH DASIA	0.2294	0.0733		0
U+1F2A	Ἢ	Other	GREEK CAPITAL LETTER ETA WITH PSILI AND VARIA	0.2247	0.1646		0
U+1F2B	Ἣ	Other	GREEK CAPITAL LETTER ETA WITH DASIA AND VARIA	0.2247	0.1641	U+1F2A	0
U+1F2C	Ἤ	Other	GREEK CAPITAL LETTER ETA WITH PSILI AND OXIA	0.2285	0.1507		0
U+1F2D	Ἥ	Other	GREEK CAPITAL LETTER ETA WITH DASIA AND OXIA	0.2285	0.1503	U+1F2C	0
U+1F2E	Ἦ	Other	GREEK CAPITAL LETTER ETA WITH PSILI AND PERISPOMENI	0.2391	0.1636		0
U+1F2F	Ἧ	Other	GREEK CAPITAL LETTER ETA WITH DASIA AND PERISPOMENI	0.2390	0.1635		0
U+1F30	ἰ	Other	GREEK SMALL LETTER IOTA WITH PSILI	0.1096	0.0000		0
U+1F31	ἱ	Other	GREEK SMALL LETTER IOTA WITH DASIA	0.1095	0.0000		0
U+1F32	ἲ	Other	GREEK SMALL LETTER IOTA WITH PSILI AND VARIA	0.1309	0.0000		0
U+1F33	ἳ	Other	GREEK SMALL LETTER IOTA WITH DASIA AND VARIA	0.1308	0.0000		0
U+1F34	ἴ	Other	GREEK SMALL LETTER IOTA WITH PSILI AND OXIA	0.1309	0.0000		0
U+1F35	ἵ	Other	GREEK SMALL LETTER IOTA WITH DASIA AND OXIA	0.1308	0.0000		0
U+1F36	ἶ	Other	GREEK SMALL LETTER IOTA WITH PSILI AND PERISPOMENI	0.1401	0.0516		0
U+1F37	ἷ	Other	GREEK SMALL LETTER IOTA WITH DASIA AND PERISPOMENI	0.1400	0.0517		0
U+1F38	Ἰ	Other	GREEK CAPITAL LETTER IOTA WITH PSILI	0.1712	0.0631		0
U+1F39	Ἱ	Other	GREEK CAPITAL LETTER IOTA WITH DASIA	0.1691	0.0738		0
U+1F3A	Ἲ	Other	GREEK CAPITAL LETTER IOTA WITH PSILI AND VARIA	0.1645	0.1939		0
U+1F3B	Ἳ	Other	GREEK CAPITAL LETTER IOTA WITH DASIA AND VARIA	0.1645	0.1934	U+1F3A	0
U+1F3C	Ἴ	Other	GREEK CAPITAL LETTER IOTA WITH PSILI AND OXIA	0.1704	0.1648		0
U+1F3D	Ἵ	Other	GREEK CAPITAL LETTER IOTA WITH DASIA AND OXIA	0.1704	0.1644	U+1F3C	0
U+1F3E	Ἶ	Other	GREEK CAPITAL LETTER IOTA WITH PSILI AND PERISPOMENI	0.1867	0.1547		0
U+1F3F	Ἷ	Other	GREEK CAPITAL LETTER IOTA WITH DASIA AND PERISPOMENI	0.1846	0.1636		0
U+1F40	ὀ	Other	GREEK SMALL LETTER OMICRON WITH PSILI	0.1847	0.0000		0
U+1F41	ὁ	Other	GREEK SMALL LETTER OMICRON WITH DASIA	0.1846	0.0000		0
U+1F42	ὂ	Other	GREEK SMALL LETTER OMICRON WITH PSILI AND VARIA	0.2061	0.0000		0
U+1F43	ὃ	Other	GREEK SMALL LETTER OMICRON WITH DASIA AND VARIA	0.2059	0.0000		0
U+1F44	ὄ	Other	GREEK SMALL LETTER OMICRON WITH PSILI AND OXIA	0.2060	0.0000		0
U+1F45	ὅ	Other	GREEK SMALL LETTER OMICRON WITH DASIA AND OXIA	0.2059	0.0000		0
U+1F48	Ὀ	Other	GREEK CAPITAL LETTER OMICRON WITH PSILI	0.2325	0.0193		0
U+1F49	Ὁ	Other	GREEK CAPITAL LETTER OMICRON WITH DASIA	0.2235	0.0568		0
U+1F4A	Ὂ	Other	GREEK CAPITAL LETTER OMICRON WITH PSILI AND VARIA	0.2172	0.1592		0
U+1F4B	Ὃ	Other	GREEK CAPITAL LETTER OMICRON WITH DASIA AND VARIA	0.2172	0.1587	U+1F4A	0
U+1F4C	Ὄ	Other	GREEK CAPITAL LETTER OMICRON WITH PSILI AND OXIA	0.2335	0.0963		0
U+1F4D	Ὅ	Other	GREEK CAPITAL LETTER OMICRON WITH DASIA AND OXIA	0.2335	0.0958	U+1F4C	0
U+1F50	ὐ	Other	GREEK SMALL LETTER UPSILON WITH PSILI	0.1754	0.0000		0
U+1F51	ὑ	Other	GREEK SMALL LETTER UPSILON WITH DASIA	0.1753	0.0000		0
U+1F52	ὒ	Other	GREEK SMALL LETTER UPSILON WITH PSILI AND VARIA	0.1967	0.0000		0
U+1F53	ὓ	Other	GREEK SMALL LETTER UPSILON WITH DASIA AND VARIA	0.1966	0.0000		0
U+1F54	ὔ	Other	GREEK SMALL LETTER UPSILON WITH PSILI AND OXIA	0.1967	0.0000		0
U+1F55	ὕ	Other	GREEK SMALL LETTER UPSILON WITH DASIA AND OXIA	0.1966	0.0000		0
U+1F56	ὖ	Other	GREEK SMALL LETTER UPSILON WITH PSILI AND PERISPOMENI	0.2059	0.0357		0
U+1F57	ὗ	Other	GREEK SMALL LETTER UPSILON WITH DASIA AND PERISPOMENI	0.2058	0.0357		0
U+1F59	Ὑ	Other	GREEK CAPITAL LETTER UPSILON WITH DASIA	0.1485	0.1372		0
U+1F5B	Ὓ	Other	GREEK CAPITAL LETTER UPSILON WITH DASIA AND VARIA	0.1492	0.2283		0
U+1F5D	Ὕ	Other	GREEK CAPITAL LETTER UPSILON WITH DASIA AND OXIA	0.1496	0.2262		0
U+1F5F	Ὗ	Other	GREEK CAPITAL LETTER UPSILON WITH DASIA AND PERISPOMENI	0.1567	0.2543		0
U+1F60	ὠ	Other	GREEK SMALL LETTER OMEGA WITH PSILI	0.2183	0.0000		0
U+1F61	ὡ	Other	GREEK SMALL LETTER OMEGA WITH DASIA	0.2182	0.0000		0
U+1F62	ὢ	Other	GREEK SMALL LETTER OMEGA WITH PSILI AND VARIA	0.2397	0.0000		0
U+1F63	ὣ	Other	GREEK SMALL LETTER OMEGA WITH DASIA AND VARIA	0.2395	0.0000		0
U+1F64	ὤ	Other	GREEK SMALL LETTER OMEGA WITH PSILI AND OXIA	0.2397	0.0000		0
U+1F65	ὥ	Other	GREEK SMALL LETTER OMEGA WITH DASIA AND OXIA	0.2396	0.0000		0
U+1F66	ὦ	Other	GREEK SMALL LETTER OMEGA WITH PSILI AND PERISPOMENI	0.2489	0.0297		0
U+1F67	ὧ	Other	GREEK SMALL LETTER OMEGA WITH DASIA AND PERISPOMENI	0.2487	0.0298		0
U+1F68	Ὠ	Other	GREEK CAPITAL LETTER OMEGA WITH PSILI	0.2335	0.0192		0
U+1F69	Ὡ	Other	GREEK CAPITAL LETTER OMEGA WITH DASIA	0.2221	0.0664		0
U+1F6A	Ὢ	Other	GREEK CAPITAL LETTER OMEGA WITH PSILI AND VARIA	0.2183	0.1586		0
U+1F6B	Ὣ	Other	GREEK CAPITAL LETTER OMEGA WITH DASIA AND VARIA	0.2183	0.1581	U+1F6A	0
U+1F6C	Ὤ	Other	GREEK CAPITAL LETTER OMEGA WITH PSILI AND OXIA	0.2352	0.0933		0
U+1F6D	Ὥ	Other	GREEK CAPITAL LETTER OMEGA WITH DASIA AND OXIA	0.2352	0.0929	U+1F6C	0
U+1F6E	Ὦ	Other	GREEK CAPITAL LETTER OMEGA WITH PSILI AND PERISPOMENI	0.2520	0.0875		0
U+1F6F	Ὧ	Other	GREEK CAPITAL LETTER OMEGA WITH DASIA AND PERISPOMENI	0.2400	0.1308		0
U+1F70	ὰ	Other	GREEK SMALL LETTER ALPHA WITH VARIA	0.2171	0.0000		0
U+1F71	ά	Other	GREEK SMALL LETTER ALPHA WITH OXIA	0.2170	0.0000	U+03AC	0
U+1F72	ὲ	Other	GREEK SMALL LETTER EPSILON WITH VARIA	0.1587	0.0000		0
U+1F73	έ	Other	GREEK SMALL LETTER EPSILON WITH OXIA	0.1587	0.0000	U+03AD	0
U+1F74	ὴ	Other	GREEK SMALL LETTER ETA WITH VARIA	0.2011	0.0000		0
U+1F75	ή	Other	GREEK SMALL LETTER ETA WITH OXIA	0.2011	0.0000	U+03AE	0
U+1F76	ὶ	Other	GREEK SMALL LETTER IOTA WITH VARIA	0.1072	0.0000		0
U+1F77	ί	Other	GREEK SMALL LETTER IOTA WITH OXIA	0.1072	0.0000	U+03AF	0
U+1F78	ὸ	Other	GREEK SMALL LETTER OMICRON WITH VARIA	0.1824	0.0000	U+00F2	0
U+1F79	ό	Other	GREEK SMALL LETTER OMICRON WITH OXIA	0.1823	0.0000	U+00F3	0
U+1F7A	ὺ	Other	GREEK SMALL LETTER UPSILON WITH VARIA	0.1730	0.0000		0
U+1F7B	ύ	Other	GREEK SMALL LETTER UPSILON WITH OXIA	0.1730	0.0000	U+03CD	0
U+1F7C	ὼ	Other	GREEK SMALL LETTER OMEGA WITH VARIA	0.2160	0.0000		0
U+1F7D	ώ	Other	GREEK SMALL LETTER OMEGA WITH OXIA	0.2160	0.0000	U+03CE	0
U+1F80	ᾀ	Other	GREEK SMALL LETTER ALPHA WITH PSILI AND YPOGEGRAMMENI	0.2362	0.0000		0
U+1F81	ᾁ	Other	GREEK SMALL LETTER ALPHA WITH DASIA AND YPOGEGRAMMENI	0.2360	0.0000		0
U+1F82	ᾂ	Other	GREEK SMALL LETTER ALPHA WITH PSILI AND VARIA AND YPOGEGRAMMENI	0.2575	0.0000		0
U+1F83	ᾃ	Other	GREEK SMALL LETTER ALPHA WITH DASIA AND VARIA AND YPOGEGRAMMENI	0.2574	0.0000		0
U+1F84	ᾄ	Other	GREEK SMALL LETTER ALPHA WITH PSILI AND OXIA AND YPOGEGRAMMENI	0.2575	0.0000		0
U+1F85	ᾅ	Other	GREEK SMALL LETTER ALPHA WITH DASIA AND OXIA AND YPOGEGRAMMENI	0.2574	0.0000		0
U+1F86	ᾆ	Other	GREEK SMALL LETTER ALPHA WITH PSILI AND PERISPOMENI AND YPOGEGRAMMENI	0.2667	0.0278		0
U+1F87	ᾇ	Other	GREEK SMALL LETTER ALPHA WITH DASIA AND PERISPOMENI AND YPOGEGRAMMENI	0.2666	0.0278		0
U+1F88	ᾈ	Other	GREEK CAPITAL LETTER ALPHA WITH PSILI AND PROSGEGRAMMENI	0.2499	0.0000		0
U+1F89	ᾉ	Other	GREEK CAPITAL LETTER ALPHA WITH DASIA AND PROSGEGRAMMENI	0.2498	0.0000		0
U+1F8A	ᾊ	Other	GREEK CAPITAL LETTER ALPHA WITH PSILI AND VARIA AND PROSGEGRAMMENI	0.2449	0.0973		0
U+1F8B	ᾋ	Other	GREEK CAPITAL LETTER ALPHA WITH DASIA AND VARIA AND PROSGEGRAMMENI	0.2449	0.0969	U+1F8A	0
U+1F8C	ᾌ	Other	GREEK CAPITAL LETTER ALPHA WITH PSILI AND OXIA AND PROSGEGRAMMENI	0.2484	0.0840		0
U+1F8D	ᾍ	Other	GREEK CAPITAL LETTER ALPHA WITH DASIA AND OXIA AND PROSGEGRAMMENI	0.2475	0.0869		0
U+1F8E	ᾎ	Other	GREEK CAPITAL LETTER ALPHA WITH PSILI AND PERISPOMENI AND PROSGEGRAMMENI	0.2772	0.0377		0
U+1F8F	ᾏ	Other	GREEK CAPITAL LETTER ALPHA WITH DASIA AND PERISPOMENI AND PROSGEGRAMMENI	0.2734	0.0506		0
U+1F90	ᾐ	Other	GREEK SMALL LETTER ETA WITH PSILI AND YPOGEGRAMMENI	0.2202	0.0000		0
U+1F91	ᾑ	Other	GREEK SMALL LETTER ETA WITH DASIA AND YPOGEGRAMMENI	0.2201	0.0000		0
U+1F92	ᾒ	Other	GREEK SMALL LETTER ETA WITH PSILI AND VARIA AND YPOGEGRAMMENI	0.2416	0.0000		0
U+1F93	ᾓ	Other	GREEK SMALL LETTER ETA WITH DASIA AND VARIA AND YPOGEGRAMMENI	0.2414	0.0000		0
U+1F94	ᾔ	Other	GREEK SMALL LETTER ETA WITH PSILI AND OXIA AND YPOGEGRAMMENI	0.2415	0.0000		0
U+1F95	ᾕ	Other	GREEK SMALL LETTER ETA WITH DASIA AND OXIA AND YPOGEGRAMMENI	0.2414	0.0000		0
U+1F96	ᾖ	Other	GREEK SMALL LETTER ETA WITH PSILI AND PERISPOMENI AND YPOGEGRAMMENI	0.2507	0.0295		0
U+1F97	ᾗ	Other	GREEK SMALL LETTER ETA WITH DASIA AND PERISPOMENI AND YPOGEGRAMMENI	0.2506	0.0295		0
U+1F98	ᾘ	Other	GREEK CAPITAL LETTER ETA WITH PSILI AND PROSGEGRAMMENI	0.2469	0.0665		0
U+1F99	ᾙ	Other	GREEK CAPITAL LETTER ETA WITH DASIA AND PROSGEGRAMMENI	0.2462	0.0686		0
U+1F9A	ᾚ	Other	GREEK CAPITAL LETTER ETA WITH PSILI AND VARIA AND PROSGEGRAMMENI	0.2415	0.1550		0
U+1F9B	ᾛ	Other	GREEK CAPITAL LETTER ETA WITH DASIA AND VARIA AND PROSGEGRAMMENI	0.2415	0.1545	U+1F9A	0
U+1F9C	ᾜ	Other	GREEK CAPITAL LETTER ETA WITH PSILI AND OXIA AND PROSGEGRAMMENI	0.2452	0.1419		0
U+1F9D	ᾝ	Other	GREEK CAPITAL LETTER ETA WITH DASIA AND OXIA AND PROSGEGRAMMENI	0.2452	0.1415	U+1F9C	0
U+1F9E	ᾞ	Other	GREEK CAPITAL LETTER ETA WITH PSILI AND PERISPOMENI AND PROSGEGRAMMENI	0.2558	0.1546		0
U+1F9F	ᾟ	Other	GREEK CAPITAL LETTER ETA WITH DASIA AND PERISPOMENI AND PROSGEGRAMMENI	0.2557	0.1545		0
U+1FA0	ᾠ	Other	GREEK SMALL LETTER OMEGA WITH PSILI AND YPOGEGRAMMENI	0.2351	0.0000		0
U+1FA1	ᾡ	Other	GREEK SMALL LETTER OMEGA WITH DASIA AND YPOGEGRAMMENI	0.2350	0.0000		0
U+1FA2	ᾢ	Other	GREEK SMALL LETTER OMEGA WITH PSILI AND VARIA AND YPOGEGRAMMENI	0.2564	0.0000		0
U+1FA3	ᾣ	Other	GREEK SMALL LETTER OMEGA WITH DASIA AND VARIA AND YPOGEGRAMMENI	0.2563	0.0000		0
U+1FA4	ᾤ	Other	GREEK SMALL LETTER OMEGA WITH PSILI AND OXIA AND YPOGEGRAMMENI	0.2564	0.0000		0
U+1FA5	ᾥ	Other	GREEK SMALL LETTER OMEGA WITH DASIA AND OXIA AND YPOGEGRAMMENI	0.2563	0.0000		0
U+1FA6	ᾦ	Other	GREEK SMALL LETTER OMEGA WITH PSILI AND PERISPOMENI AND YPOGEGRAMMENI	0.2656	0.0279		0
U+1FA7	ᾧ	Other	GREEK SMALL LETTER OMEGA WITH DASIA AND PERISPOMENI AND YPOGEGRAMMENI	0.2655	0.0279		0
U+1FA8	ᾨ	Other	GREEK CAPITAL LETTER OMEGA WITH PSILI AND PROSGEGRAMMENI	0.2502	0.0180		0
U+1FA9	ᾩ	Other	GREEK CAPITAL LETTER OMEGA WITH DASIA AND PROSGEGRAMMENI	0.2389	0.0620		0
U+1FAA	ᾪ	Other	GREEK CAPITAL LETTER OMEGA WITH PSILI AND VARIA AND PROSGEGRAMMENI	0.2350	0.1490		0
U+1FAB	ᾫ	Other	GREEK CAPITAL LETTER OMEGA WITH DASIA AND VARIA AND PROSGEGRAMMENI	0.2350	0.1485	U+1FAA	0
U+1FAC	ᾬ	Other	GREEK CAPITAL LETTER OMEGA WITH PSILI AND OXIA AND PROSGEGRAMMENI	0.2519	0.0877		0
U+1FAD	ᾭ	Other	GREEK CAPITAL LETTER OMEGA WITH DASIA AND OXIA AND PROSGEGRAMMENI	0.2519	0.0873	U+1FAC	0
U+1FAE	ᾮ	Other	GREEK CAPITAL LETTER OMEGA WITH PSILI AND PERISPOMENI AND PROSGEGRAMMENI	0.2688	0.0825		0
U+1FAF	ᾯ	Other	GREEK CAPITAL LETTER OMEGA WITH DASIA AND PERISPOMENI AND PROSGEGRAMMENI	0.2567	0.1233		0
U+1FB0	ᾰ	Other	GREEK SMALL LETTER ALPHA WITH VRACHY	0.2291	0.0000		0
U+1FB1	ᾱ	Other	GREEK SMALL LETTER ALPHA WITH MACRON	0.2247	0.0000		0
U+1FB2	ᾲ	Other	GREEK SMALL LETTER ALPHA WITH VARIA AND YPOGEGRAMMENI	0.2338	0.0000		0
U+1FB3	ᾳ	Other	GREEK SMALL LETTER ALPHA WITH YPOGEGRAMMENI	0.2124	0.0000		0
U+1FB4	ᾴ	Other	GREEK SMALL LETTER ALPHA WITH OXIA AND YPOGEGRAMMENI	0.2338	0.0000		0
U+1FB6	ᾶ	Other	GREEK SMALL LETTER ALPHA WITH PERISPOMENI	0.2338	0.0000		0
U+1FB7	ᾷ	Other	GREEK SMALL LETTER ALPHA WITH PERISPOMENI AND YPOGEGRAMMENI	0.2506	0.0000		0
U+1FB8	Ᾰ	Other	GREEK CAPITAL LETTER ALPHA WITH VRACHY	0.2382	0.0000	U+0102	0
U+1FB9	Ᾱ	Other	GREEK CAPITAL LETTER ALPHA WITH MACRON	0.2385	0.0000	U+0100	0
U+1FBA	Ὰ	Other	GREEK CAPITAL LETTER ALPHA WITH VARIA	0.2280	0.0120		0
U+1FBB	Ά	Other	GREEK CAPITAL LETTER ALPHA WITH OXIA	0.2308	0.0000	U+0386	0
U+1FBC	ᾼ	Other	GREEK CAPITAL LETTER ALPHA WITH PROSGEGRAMMENI	0.2262	0.0000		0
U+1FBD	᾽	Other	GREEK KORONIS	0.0237	0.0000		0
U+1FBE	ι	Other	GREEK PROSGEGRAMMENI	0.0167	0.0000	U+037A	0
U+1FBF	᾿	Other	GREEK PSILI	0.0237	0.0000	U+1FBD	0
U+1FC0	῀	Other	GREEK PERISPOMENI	0.0381	0.0000	U+02DC	0
U+1FC1	῁	Other	GREEK DIALYTIKA AND PERISPOMENI	0.0676	0.0000		0
U+1FC2	ῂ	Other	GREEK SMALL LETTER ETA WITH VARIA AND YPOGEGRAMMENI	0.2178	0.0000		0
U+1FC3	ῃ	Other	GREEK SMALL LETTER ETA WITH YPOGEGRAMMENI	0.1965	0.0000		0
U+1FC4	ῄ	Other	GREEK SMALL LETTER ETA WITH OXIA AND YPOGEGRAMMENI	0.2178	0.0000		0
U+1FC6	ῆ	Other	GREEK SMALL LETTER ETA WITH PERISPOMENI	0.2179	0.0000		0
U+1FC7	ῇ	Other	GREEK SMALL LETTER ETA WITH PERISPOMENI AND YPOGEGRAMMENI	0.2346	0.0000		0
U+1FC8	Ὲ	Other	GREEK CAPITAL LETTER EPSILON WITH VARIA	0.1997	0.0860		0
U+1FC9	Έ	Other	GREEK CAPITAL LETTER EPSILON WITH OXIA	0.2085	0.0458	U+0388	0
U+1FCA	Ὴ	Other	GREEK CAPITAL LETTER ETA WITH VARIA	0.2247	0.0841		0
U+1FCB	Ή	Other	GREEK CAPITAL LETTER ETA WITH OXIA	0.2317	0.0554	U+0389	0
U+1FCC	ῌ	Other	GREEK CAPITAL LETTER ETA WITH PROSGEGRAMMENI	0.2407	0.0000		0
U+1FCD	῍	Other	GREEK PSILI AND VARIA	0.0451	0.0000		0
U+1FCE	῎	Other	GREEK PSILI AND OXIA	0.0450	0.0000		0
U+1FCF	῏	Other	GREEK PSILI AND PERISPOMENI	0.0542	0.1233		0
U+1FD0	ῐ	Other	GREEK SMALL LETTER IOTA WITH VRACHY	0.1192	0.0000		0
U+1FD1	ῑ	Other	GREEK SMALL LETTER IOTA WITH MACRON	0.1149	0.0000		0
U+1FD2	ῒ	Other	GREEK SMALL LETTER IOTA WITH DIALYTIKA AND VARIA	0.1275	0.0672		0
U+1FD3	ΐ	Other	GREEK SMALL LETTER IOTA WITH DIALYTIKA AND OXIA	0.1275	0.0672	U+0390	0
U+1FD6	ῖ	Other	GREEK SMALL LETTER IOTA WITH PERISPOMENI	0.1240	0.0000		0
U+1FD7	ῗ	Other	GREEK SMALL LETTER IOTA WITH DIALYTIKA AND PERISPOMENI	0.1534	0.0000		0
U+1FD8	Ῐ	Other	GREEK CAPITAL LETTER IOTA WITH VRACHY	0.1877	0.0000	U+012C	0
U+1FD9	Ῑ	Other	GREEK CAPITAL LETTER IOTA WITH MACRON	0.1880	0.0000	U+012A	0
U+1FDA	Ὶ	Other	GREEK CAPITAL LETTER IOTA WITH VARIA	0.1644	0.0884		0
U+1FDB	Ί	Other	GREEK CAPITAL LETTER IOTA WITH OXIA	0.1703	0.0555	U+038A	0
U+1FDD	῝	Other	GREEK DASIA AND VARIA	0.0449	0.0000		0
U+1FDE	῞	Other	GREEK DASIA AND OXIA	0.0449	0.0000		0
U+1FDF	῟	Other	GREEK DASIA AND PERISPOMENI	0.0541	0.1236		0
U+1FE0	ῠ	Other	GREEK SMALL LETTER UPSILON WITH VRACHY	0.1851	0.0000		0
U+1FE1	ῡ	Other	GREEK SMALL LETTER UPSILON WITH MACRON	0.1807	0.0000		0
U+1FE2	ῢ	Other	GREEK SMALL LETTER UPSILON WITH DIALYTIKA AND VARIA	0.1933	0.0453		0
U+1FE3	ΰ	Other	GREEK SMALL LETTER UPSILON WITH DIALYTIKA AND OXIA	0.1933	0.0453	U+03B0	0
U+1FE4	ῤ	Other	GREEK SMALL LETTER RHO WITH PSILI	0.2157	0.0000		0
U+1FE5	ῥ	Other	GREEK SMALL LETTER RHO WITH DASIA	0.2156	0.0000		0
U+1FE6	ῦ	Other	GREEK SMALL LETTER UPSILON WITH PERISPOMENI	0.1898	0.0000		0
U+1FE7	ῧ	Other	GREEK SMALL LETTER UPSILON WITH DIALYTIKA AND PERISPOMENI	0.2193	0.0000		0
U+1FE8	Ῠ	Other	GREEK CAPITAL LETTER UPSILON WITH VRACHY	0.1772	0.0000		0
U+1FE9	Ῡ	Other	GREEK CAPITAL LETTER UPSILON WITH MACRON	0.1775	0.0000	U+0232	0
U+1FEA	Ὺ	Other	GREEK CAPITAL LETTER UPSILON WITH VARIA	0.1492	0.1215		0
U+1FEB	Ύ	Other	GREEK CAPITAL LETTER UPSILON WITH OXIA	0.1496	0.1187	U+038E	0
U+1FEC	Ῥ	Other	GREEK CAPITAL LETTER RHO WITH DASIA	0.2060	0.0614		0
U+1FED	῭	Other	GREEK DIALYTIKA AND VARIA	0.0416	0.1807		0
U+1FEE	΅	Other	GREEK DIALYTIKA AND OXIA	0.0416	0.1807	U+0385	0
U+1FEF	`	Other	GREEK VARIA	0.0213	0.0000	U+0060	0
U+1FF2	ῲ	Other	GREEK SMALL LETTER OMEGA WITH VARIA AND YPOGEGRAMMENI	0.2327	0.0000		0
U+1FF3	ῳ	Other	GREEK SMALL LETTER OMEGA WITH YPOGEGRAMMENI	0.2114	0.0000		0
U+1FF4	ῴ	Other	GREEK SMALL LETTER OMEGA WITH OXIA AND YPOGEGRAMMENI	0.2327	0.0000		0
U+1FF6	ῶ	Other	GREEK SMALL LETTER OMEGA WITH PERISPOMENI	0.2328	0.0000		0
U+1FF7	ῷ	Other	GREEK SMALL LETTER OMEGA WITH PERISPOMENI AND YPOGEGRAMMENI	0.2495	0.0000		0
U+1FF8	Ὸ	Other	GREEK CAPITAL LETTER OMICRON WITH VARIA	0.2172	0.0746		0
U+1FF9	Ό	Other	GREEK CAPITAL LETTER OMICRON WITH OXIA	0.2335	0.0051	U+038C	0
U+1FFA	Ὼ	Other	GREEK CAPITAL LETTER OMEGA WITH VARIA	0.2182	0.0742		0
U+1FFB	Ώ	Other	GREEK CAPITAL LETTER OMEGA WITH OXIA	0.2352	0.0023	U+038F	0
U+1FFC	ῼ	Other	GREEK CAPITAL LETTER OMEGA WITH PROSGEGRAMMENI	0.2311	0.0000		0
U+1FFD	´	Other	GREEK OXIA	0.0213	0.0000	U+00B4	0
U+1FFE	῾	Other	GREEK DASIA	0.0236	0.0000		0
U+2010	‐	General Punctuation	HYPHEN	0.0253	0.0000	U+002D	0
U+2011	‑	General Punctuation	NON-BREAKING HYPHEN	0.0253	0.0000	U+002D	0
U+2012	‒	General Punctuation	FIGURE DASH	0.0588	0.0154		1
U+2013	–	General Punctuation	EN DASH	0.0588	0.0154	U+2012	0
U+2014	—	General Punctuation	EM DASH	0.0588	0.0154	U+2012	0
U+2015	―	General Punctuation	HORIZONTAL BAR	0.0588	0.0154	U+2012	0
U+2016	‖	General Punctuation	DOUBLE VERTICAL LINE	0.2252	0.0000		1
U+2017	‗	General Punctuation	DOUBLE LOW LINE	0.1176	0.0154		1
U+2018	‘	General Punctuation	LEFT SINGLE QUOTATION MARK	0.0426	0.0000	U+02BB	0
U+2019	’	General Punctuation	RIGHT SINGLE QUOTATION MARK	0.0427	0.0000	U+02BC	0
U+201A	‚	General Punctuation	SINGLE LOW-9 QUOTATION MARK	0.0426	0.0000	U+002C	0
U+201B	‛	General Punctuation	SINGLE HIGH-REVERSED-9 QUOTATION MARK	0.0413	0.0000		1
U+201C	“	General Punctuation	LEFT DOUBLE QUOTATION MARK	0.0856	0.0000		1
U+201D	”	General Punctuation	RIGHT DOUBLE QUOTATION MARK	0.0854	0.0000	U+02EE	0
U+201E	„	General Punctuation	DOUBLE LOW-9 QUOTATION MARK	0.0854	0.0000		1
U+201F	‟	General Punctuation	DOUBLE HIGH-REVERSED-9 QUOTATION MARK	0.0829	0.0000		1
U+2020	†	General Punctuation	DAGGER	0.1340	0.0000		1
U+2021	‡	General Punctuation	DOUBLE DAGGER	0.1695	0.0000		1
U+2022	•	General Punctuation	BULLET	0.0904	0.0000		1
U+2023	‣	General Punctuation	TRIANGULAR BULLET	0.0810	0.0000		1
U+2026	…	General Punctuation	HORIZONTAL ELLIPSIS	0.0732	0.0000		1
U+2030	‰	General Punctuation	PER MILLE SIGN	0.2250	0.0037		1
U+2031	‱	General Punctuation	PER TEN THOUSAND SIGN	0.2153	0.0032		1
U+2032	′	General Punctuation	PRIME	0.0173	0.0000		1
U+2033	″	General Punctuation	DOUBLE PRIME	0.0345	0.0000		1
U+2034	‴	General Punctuation	TRIPLE PRIME	0.0518	0.0000		1
U+2035	‵	General Punctuation	REVERSED PRIME	0.0172	0.0000		1
U+2036	‶	General Punctuation	REVERSED DOUBLE PRIME	0.0345	0.0000		1
U+2037	‷	General Punctuation	REVERSED TRIPLE PRIME	0.0517	0.0000		1
U+2039	‹	General Punctuation	SINGLE LEFT-POINTING ANGLE QUOTATION MARK	0.0488	0.0000		1
U+203A	›	General Punctuation	SINGLE RIGHT-POINTING ANGLE QUOTATION MARK	0.0488	0.0000		1
U+203C	‼	General Punctuation	DOUBLE EXCLAMATION MARK	0.1630	0.0000		1
U+203D	‽	General Punctuation	INTERROBANG	0.1505	0.0000		1
U+203E	‾	General Punctuation	OVERLINE	0.0588	0.0154		1
U+203F	‿	General Punctuation	UNDERTIE	0.0564	0.1005		1
U+2045	⁅	General Punctuation	LEFT SQUARE BRACKET WITH QUILL	0.1403	0.0000		1
U+2046	⁆	General Punctuation	RIGHT SQUARE BRACKET WITH QUILL	0.1408	0.0000		1
U+2047	⁇	General Punctuation	DOUBLE QUESTION MARK	0.2185	0.0000		1
U+2048	⁈	General Punctuation	QUESTION EXCLAMATION MARK	0.1907	0.0000		1
U+2049	⁉	General Punctuation	EXCLAMATION QUESTION MARK	0.1907	0.0000		1
U+204B	⁋	General Punctuation	REVERSED PILCROW SIGN	0.2565	0.0000		1
U+2070	⁰	Super/Subscripts	SUPERSCRIPT ZERO	0.0801	0.0000		1
U+2071	ⁱ	Super/Subscripts	SUPERSCRIPT LATIN SMALL LETTER I	0.0445	0.0000		1
U+2074	⁴	Super/Subscripts	SUPERSCRIPT FOUR	0.0714	0.0000		1
U+2075	⁵	Super/Subscripts	SUPERSCRIPT FIVE	0.0651	0.0000		1
U+2076	⁶	Super/Subscripts	SUPERSCRIPT SIX	0.0750	0.0000		1
U+2077	⁷	Super/Subscripts	SUPERSCRIPT SEVEN	0.0472	0.0000		1
U+2078	⁸	Super/Subscripts	SUPERSCRIPT EIGHT	0.0809	0.0000		1
U+2079	⁹	Super/Subscripts	SUPERSCRIPT NINE	0.0751	0.0000		1
U+207A	⁺	Super/Subscripts	SUPERSCRIPT PLUS SIGN	0.0370	0.0000		1
U+207B	⁻	Super/Subscripts	SUPERSCRIPT MINUS	0.0202	0.0000		1
U+207C	⁼	Super/Subscripts	SUPERSCRIPT EQUALS SIGN	0.0408	0.0000		1
U+207D	⁽	Super/Subscripts	SUPERSCRIPT LEFT PARENTHESIS	0.0371	0.0000		1
U+207E	⁾	Super/Subscripts	SUPERSCRIPT RIGHT PARENTHESIS	0.0374	0.0000		1
U+207F	ⁿ	Super/Subscripts	SUPERSCRIPT LATIN SMALL LETTER N	0.0524	0.0000		1
U+2080	₀	Super/Subscripts	SUBSCRIPT ZERO	0.0801	0.0000		1
U+2081	₁	Super/Subscripts	SUBSCRIPT ONE	0.0538	0.0000		1
U+2082	₂	Super/Subscripts	SUBSCRIPT TWO	0.0597	0.0000		1
U+2083	₃	Super/Subscripts	SUBSCRIPT THREE	0.0602	0.0000		1
U+2084	₄	Super/Subscripts	SUBSCRIPT FOUR	0.0714	0.0000		1
U+2085	₅	Super/Subscripts	SUBSCRIPT FIVE	0.0651	0.0000		1
U+2086	₆	Super/Subscripts	SUBSCRIPT SIX	0.0750	0.0000		1
U+2087	₇	Super/Subscripts	SUBSCRIPT SEVEN	0.0472	0.0000		1
U+2088	₈	Super/Subscripts	SUBSCRIPT EIGHT	0.0809	0.0000		1
U+2089	₉	Super/Subscripts	SUBSCRIPT NINE	0.0751	0.0000		1
U+208A	₊	Super/Subscripts	SUBSCRIPT PLUS SIGN	0.0370	0.0000		1
U+208B	₋	Super/Subscripts	SUBSCRIPT MINUS	0.0202	0.0000		1
U+208C	₌	Super/Subscripts	SUBSCRIPT EQUALS SIGN	0.0408	0.0000		1
U+208D	₍	Super/Subscripts	SUBSCRIPT LEFT PARENTHESIS	0.0371	0.0000		1
U+208E	₎	Super/Subscripts	SUBSCRIPT RIGHT PARENTHESIS	0.0374	0.0000		1
U+2090	ₐ	Super/Subscripts	LATIN SUBSCRIPT SMALL LETTER A	0.0637	0.0000		1
U+2091	ₑ	Super/Subscripts	LATIN SUBSCRIPT SMALL LETTER E	0.0624	0.0000		1
U+2092	ₒ	Super/Subscripts	LATIN SUBSCRIPT SMALL LETTER O	0.0596	0.0000		1
U+2093	ₓ	Super/Subscripts	LATIN SUBSCRIPT SMALL LETTER X	0.0515	0.0000		1
U+2094	ₔ	Super/Subscripts	LATIN SUBSCRIPT SMALL LETTER SCHWA	0.0623	0.0000		1
U+2095	ₕ	Super/Subscripts	LATIN SUBSCRIPT SMALL LETTER H	0.0605	0.0000		1
U+2096	ₖ	Super/Subscripts	LATIN SUBSCRIPT SMALL LETTER K	0.0637	0.0000		1
U+2097	ₗ	Super/Subscripts	LATIN SUBSCRIPT SMALL LETTER L	0.0418	0.0000		1
U+2098	ₘ	Super/Subscripts	LATIN SUBSCRIPT SMALL LETTER M	0.0713	0.0000		1
U+2099	ₙ	Super/Subscripts	LATIN SUBSCRIPT SMALL LETTER N	0.0524	0.0000		1
U+209A	ₚ	Super/Subscripts	LATIN SUBSCRIPT SMALL LETTER P	0.0723	0.0000		1
U+209B	ₛ	Super/Subscripts	LATIN SUBSCRIPT SMALL LETTER S	0.0507	0.0000		1
U+209C	ₜ	Super/Subscripts	LATIN SUBSCRIPT SMALL LETTER T	0.0465	0.0000		1
U+20A0	₠	Currency	EURO-CURRENCY SIGN	0.1724	0.0045		0
U+20A1	₡	Currency	COLON SIGN	0.2733	0.0000		0
U+20A2	₢	Currency	CRUZEIRO SIGN	0.2103	0.0000		0
U+20A3	₣	Currency	FRENCH FRANC SIGN	0.1749	0.0000		0
U+20A4	₤	Currency	LIRA SIGN	0.2149	0.0000		0
U+20A5	₥	Currency	MILL SIGN	0.2327	0.0000		0
U+20A6	₦	Currency	NAIRA SIGN	0.3206	0.0047		0
U+20A7	₧	Currency	PESETA SIGN	0.2296	0.0028		0
U+20A8	₨	Currency	RUPEE SIGN	0.2457	0.0018		0
U+20A9	₩	Currency	WON SIGN	0.3365	0.0063		0
U+20AA	₪	Currency	NEW SHEQEL SIGN	0.2747	0.0000		0
U+20AB	₫	Currency	DONG SIGN	0.2549	0.0036		0
U+20AC	€	Currency	EURO SIGN	0.1940	0.0000		0
U+20AD	₭	Currency	KIP SIGN	0.2080	0.0000		0
U+20AE	₮	Currency	TUGRIK SIGN	0.2034	0.0000		0
U+20AF	₯	Currency	DRACHMA SIGN	0.2328	0.0015		0
U+20B0	₰	Currency	GERMAN PENNY SIGN	0.2045	0.0000		0
U+20B1	₱	Currency	PESO SIGN	0.2482	0.0056		0
U+20B2	₲	Currency	GUARANI SIGN	0.2715	0.0000		0
U+20B3	₳	Currency	AUSTRAL SIGN	0.2241	0.0000		0
U+20B4	₴	Currency	HRYVNIA SIGN	0.2567	0.0058		0
U+20B5	₵	Currency	CEDI SIGN	0.1945	0.0000		0
U+20B8	₸	Currency	TENGE SIGN	0.1914	0.0000		0
U+20B9	₹	Currency	INDIAN RUPEE SIGN	0.1819	0.0000		0
U+20BA	₺	Currency	TURKISH LIRA SIGN	0.2145	0.0000		0
U+20BD	₽	Currency	RUBLE SIGN	0.2276	0.0000		0
U+2102	ℂ	Letterlike	DOUBLE-STRUCK CAPITAL C	0.1342	0.0000		1
U+2105	℅	Letterlike	CARE OF	0.2074	0.0073		1
U+210D	ℍ	Letterlike	DOUBLE-STRUCK CAPITAL H	0.2023	0.0000		1
U+210E	ℎ	Letterlike	PLANCK CONSTANT	0.1782	0.0000		1
U+210F	ℏ	Letterlike	PLANCK CONSTANT OVER TWO PI	0.1961	0.0000		1
U+2115	ℕ	Letterlike	DOUBLE-STRUCK CAPITAL N	0.1707	0.0000		1
U+2116	№	Letterlike	NUMERO SIGN	0.2894	0.0025		1
U+2117	℗	Letterlike	SOUND RECORDING COPYRIGHT	0.1721	0.0062		1
U+2119	ℙ	Letterlike	DOUBLE-STRUCK CAPITAL P	0.1831	0.0000		1
U+211A	ℚ	Letterlike	DOUBLE-STRUCK CAPITAL Q	0.2223	0.0000		1
U+211D	ℝ	Letterlike	DOUBLE-STRUCK CAPITAL R	0.2145	0.0000		1
U+2122	™	Letterlike	TRADE MARK SIGN	0.0980	0.0000		1
U+2124	ℤ	Letterlike	DOUBLE-STRUCK CAPITAL Z	0.1615	0.0000		1
U+2126	Ω	Letterlike	OHM SIGN	0.2144	0.0000	U+03A9	0
U+212A	K	Letterlike	KELVIN SIGN	0.2203	0.0001	U+004B	0
U+212B	Å	Letterlike	ANGSTROM SIGN	0.2530	0.0000	U+00C5	0
U+212E	℮	Letterlike	ESTIMATED SYMBOL	0.1155	0.0014		1
U+2148	ⅈ	Letterlike	DOUBLE-STRUCK ITALIC SMALL I	0.1190	0.0000		1
U+2150	⅐	Number Forms	VULGAR FRACTION ONE SEVENTH	0.1287	0.0000		1
U+2151	⅑	Number Forms	VULGAR FRACTION ONE NINTH	0.1565	0.0000		1
U+2153	⅓	Number Forms	VULGAR FRACTION ONE THIRD	0.1417	0.0000		1
U+2154	⅔	Number Forms	VULGAR FRACTION TWO THIRDS	0.1474	0.0000		1
U+2155	⅕	Number Forms	VULGAR FRACTION ONE FIFTH	0.1466	0.0000		1
U+2156	⅖	Number Forms	VULGAR FRACTION TWO FIFTHS	0.1524	0.0000		1
U+2157	⅗	Number Forms	VULGAR FRACTION THREE FIFTHS	0.1529	0.0000		1
U+2158	⅘	Number Forms	VULGAR FRACTION FOUR FIFTHS	0.1641	0.0000		1
U+2159	⅙	Number Forms	VULGAR FRACTION ONE SIXTH	0.1565	0.0000		1
U+215A	⅚	Number Forms	VULGAR FRACTION FIVE SIXTHS	0.1677	0.0000		1
U+215B	⅛	Number Forms	VULGAR FRACTION ONE EIGHTH	0.1624	0.0000		1
U+215C	⅜	Number Forms	VULGAR FRACTION THREE EIGHTHS	0.1686	0.0000		1
U+215D	⅝	Number Forms	VULGAR FRACTION FIVE EIGHTHS	0.1736	0.0000		1
U+215E	⅞	Number Forms	VULGAR FRACTION SEVEN EIGHTHS	0.1556	0.0000		1
U+215F	⅟	Number Forms	FRACTION NUMERATOR ONE	0.0815	0.0000		1
U+2189	↉	Number Forms	VULGAR FRACTION ZERO THIRDS	0.1678	0.0000		1
U+2190	←	Arrows	LEFTWARDS ARROW	0.0809	0.0000		1
U+2191	↑	Arrows	UPWARDS ARROW	0.0806	0.0000		1
U+2192	→	Arrows	RIGHTWARDS ARROW	0.0810	0.0000		1
U+2193	↓	Arrows	DOWNWARDS ARROW	0.0806	0.0000		1
U+2194	↔	Arrows	LEFT RIGHT ARROW	0.1038	0.0000		1
U+2195	↕	Arrows	UP DOWN ARROW	0.1035	0.0000		1
U+2196	↖	Arrows	NORTH WEST ARROW	0.0808	0.0000		1
U+2197	↗	Arrows	NORTH EAST ARROW	0.0808	0.0000		1
U+2198	↘	Arrows	SOUTH EAST ARROW	0.0808	0.0000		1
U+2199	↙	Arrows	SOUTH WEST ARROW	0.0808	0.0000		1
U+219A	↚	Arrows	LEFTWARDS ARROW WITH STROKE	0.1062	0.0000		1
U+219B	↛	Arrows	RIGHTWARDS ARROW WITH STROKE	0.1064	0.0000		1
U+219C	↜	Arrows	LEFTWARDS WAVE ARROW	0.0845	0.0000		1
U+219D	↝	Arrows	RIGHTWARDS WAVE ARROW	0.0845	0.0000		1
U+219E	↞	Arrows	LEFTWARDS TWO HEADED ARROW	0.1044	0.0000		1
U+219F	↟	Arrows	UPWARDS TWO HEADED ARROW	0.1042	0.0000		1
U+21A0	↠	Arrows	RIGHTWARDS TWO HEADED ARROW	0.1045	0.0000		1
U+21A1	↡	Arrows	DOWNWARDS TWO HEADED ARROW	0.1042	0.0000		1
U+21A2	↢	Arrows	LEFTWARDS ARROW WITH TAIL	0.0938	0.0000		1
U+21A3	↣	Arrows	RIGHTWARDS ARROW WITH TAIL	0.0940	0.0000		1
U+21A4	↤	Arrows	LEFTWARDS ARROW FROM BAR	0.1072	0.0000		1
U+21A5	↥	Arrows	UPWARDS ARROW FROM BAR	0.1067	0.0000		1
U+21A6	↦	Arrows	RIGHTWARDS ARROW FROM BAR	0.1071	0.0000		1
U+21A7	↧	Arrows	DOWNWARDS ARROW FROM BAR	0.1068	0.0000		1
U+21A8	↨	Arrows	UP DOWN ARROW WITH BASE	0.1303	0.0000		1
U+21A9	↩	Arrows	LEFTWARDS ARROW WITH HOOK	0.1000	0.0000		1
U+21AA	↪	Arrows	RIGHTWARDS ARROW WITH HOOK	0.1000	0.0000		1
U+21AB	↫	Arrows	LEFTWARDS ARROW WITH LOOP	0.1344	0.0000		1
U+21AC	↬	Arrows	RIGHTWARDS ARROW WITH LOOP	0.1345	0.0000		1
U+21AD	↭	Arrows	LEFT RIGHT WAVE ARROW	0.1088	0.0000		1
U+21AE	↮	Arrows	LEFT RIGHT ARROW WITH STROKE	0.1279	0.0000		1
U+21AF	↯	Arrows	DOWNWARDS ZIGZAG ARROW	0.1647	0.0000		1
U+21B0	↰	Arrows	UPWARDS ARROW WITH TIP LEFTWARDS	0.1190	0.0000		1
U+21B1	↱	Arrows	UPWARDS ARROW WITH TIP RIGHTWARDS	0.1195	0.0000		1
U+21B2	↲	Arrows	DOWNWARDS ARROW WITH TIP LEFTWARDS	0.1190	0.0000		1
U+21B3	↳	Arrows	DOWNWARDS ARROW WITH TIP RIGHTWARDS	0.1195	0.0000		1
U+21B4	↴	Arrows	RIGHTWARDS ARROW WITH CORNER DOWNWARDS	0.1042	0.0000		1
U+21B5	↵	Arrows	DOWNWARDS ARROW WITH CORNER LEFTWARDS	0.1042	0.0000		1
U+21B6	↶	Arrows	ANTICLOCKWISE TOP SEMICIRCLE ARROW	0.0846	0.0000		1
U+21B7	↷	Arrows	CLOCKWISE TOP SEMICIRCLE ARROW	0.0846	0.0000		1
U+21B8	↸	Arrows	NORTH WEST ARROW TO LONG BAR	0.1101	0.0000		1
U+21B9	↹	Arrows	LEFTWARDS ARROW TO BAR OVER RIGHTWARDS ARROW TO BAR	0.2142	0.0000		1
U+21BA	↺	Arrows	ANTICLOCKWISE OPEN CIRCLE ARROW	0.1400	0.0000		1
U+21BB	↻	Arrows	CLOCKWISE OPEN CIRCLE ARROW	0.1400	0.0000		1
U+21BC	↼	Arrows	LEFTWARDS HARPOON WITH BARB UPWARDS	0.0694	0.0000		1
U+21BD	↽	Arrows	LEFTWARDS HARPOON WITH BARB DOWNWARDS	0.0695	0.0000		1
U+21BE	↾	Arrows	UPWARDS HARPOON WITH BARB RIGHTWARDS	0.0691	0.0000		1
U+21BF	↿	Arrows	UPWARDS HARPOON WITH BARB LEFTWARDS	0.0691	0.0000		1
U+21C0	⇀	Arrows	RIGHTWARDS HARPOON WITH BARB UPWARDS	0.0695	0.0000		1
U+21C1	⇁	Arrows	RIGHTWARDS HARPOON WITH BARB DOWNWARDS	0.0696	0.0000		1
U+21C2	⇂	Arrows	DOWNWARDS HARPOON WITH BARB RIGHTWARDS	0.0692	0.0000		1
U+21C3	⇃	Arrows	DOWNWARDS HARPOON WITH BARB LEFTWARDS	0.0692	0.0000		1
U+21C4	⇄	Arrows	RIGHTWARDS ARROW OVER LEFTWARDS ARROW	0.1617	0.0000		1
U+21C5	⇅	Arrows	UPWARDS ARROW LEFTWARDS OF DOWNWARDS ARROW	0.1614	0.0000		1
U+21C6	⇆	Arrows	LEFTWARDS ARROW OVER RIGHTWARDS ARROW	0.1618	0.0000		1
U+21C7	⇇	Arrows	LEFTWARDS PAIRED ARROWS	0.1565	0.0000		1
U+21C8	⇈	Arrows	UPWARDS PAIRED ARROWS	0.1563	0.0000		1
U+21C9	⇉	Arrows	RIGHTWARDS PAIRED ARROWS	0.1566	0.0000		1
U+21CA	⇊	Arrows	DOWNWARDS PAIRED ARROWS	0.1563	0.0000		1
U+21CB	⇋	Arrows	LEFTWARDS HARPOON OVER RIGHTWARDS HARPOON	0.1383	0.0000		1
U+21CC	⇌	Arrows	RIGHTWARDS HARPOON OVER LEFTWARDS HARPOON	0.1383	0.0000		1
U+21CD	⇍	Arrows	LEFTWARDS DOUBLE ARROW WITH STROKE	0.0942	0.0000		1
U+21CE	⇎	Arrows	LEFT RIGHT DOUBLE ARROW WITH STROKE	0.1188	0.0000		1
U+21CF	⇏	Arrows	RIGHTWARDS DOUBLE ARROW WITH STROKE	0.0943	0.0000		1
U+21D0	⇐	Arrows	LEFTWARDS DOUBLE ARROW	0.0764	0.0000		1
U+21D1	⇑	Arrows	UPWARDS DOUBLE ARROW	0.0764	0.0000		1
U+21D2	⇒	Arrows	RIGHTWARDS DOUBLE ARROW	0.0764	0.0000		1
U+21D3	⇓	Arrows	DOWNWARDS DOUBLE ARROW	0.0765	0.0000		1
U+21D4	⇔	Arrows	LEFT RIGHT DOUBLE ARROW	0.0951	0.0000		1
U+21D5	⇕	Arrows	UP DOWN DOUBLE ARROW	0.0949	0.0000		1
U+21D6	⇖	Arrows	NORTH WEST DOUBLE ARROW	0.0764	0.0000		1
U+21D7	⇗	Arrows	NORTH EAST DOUBLE ARROW	0.0766	0.0000		1
U+21D8	⇘	Arrows	SOUTH EAST DOUBLE ARROW	0.0765	0.0000		1
U+21D9	⇙	Arrows	SOUTH WEST DOUBLE ARROW	0.0764	0.0000		1
U+21DA	⇚	Arrows	LEFTWARDS TRIPLE ARROW	0.0973	0.0000		1
U+21DB	⇛	Arrows	RIGHTWARDS TRIPLE ARROW	0.0973	0.0000		1
U+21DC	⇜	Arrows	LEFTWARDS SQUIGGLE ARROW	0.0899	0.0000		1
U+21DD	⇝	Arrows	RIGHTWARDS SQUIGGLE ARROW	0.0900	0.0000		1
U+21DE	⇞	Arrows	UPWARDS ARROW WITH DOUBLE STROKE	0.1329	0.0000		1
U+21DF	⇟	Arrows	DOWNWARDS ARROW WITH DOUBLE STROKE	0.1331	0.0000		1
U+21E0	⇠	Arrows	LEFTWARDS DASHED ARROW	0.0678	0.0000		1
U+21E1	⇡	Arrows	UPWARDS DASHED ARROW	0.0676	0.0000		1
U+21E2	⇢	Arrows	RIGHTWARDS DASHED ARROW	0.0679	0.0000		1
U+21E3	⇣	Arrows	DOWNWARDS DASHED ARROW	0.0676	0.0000		1
U+21E4	⇤	Arrows	LEFTWARDS ARROW TO BAR	0.1071	0.0000		1
U+21E5	⇥	Arrows	RIGHTWARDS ARROW TO BAR	0.1072	0.0000		1
U+21E6	⇦	Arrows	LEFTWARDS WHITE ARROW	0.0662	0.0000		1
U+21E7	⇧	Arrows	UPWARDS WHITE ARROW	0.0663	0.0000		1
U+21E8	⇨	Arrows	RIGHTWARDS WHITE ARROW	0.0662	0.0000		1
U+21E9	⇩	Arrows	DOWNWARDS WHITE ARROW	0.0663	0.0000		1
U+21EA	⇪	Arrows	UPWARDS WHITE ARROW FROM BAR	0.0696	0.0000		1
U+21EB	⇫	Arrows	UPWARDS WHITE ARROW ON PEDESTAL	0.0843	0.0000		1
U+21EC	⇬	Arrows	UPWARDS WHITE ARROW ON PEDESTAL WITH HORIZONTAL BAR	0.0873	0.0000		1
U+21ED	⇭	Arrows	UPWARDS WHITE ARROW ON PEDESTAL WITH VERTICAL BAR	0.1057	0.0000		1
U+21EE	⇮	Arrows	UPWARDS WHITE DOUBLE ARROW	0.0830	0.0000		1
U+21EF	⇯	Arrows	UPWARDS WHITE DOUBLE ARROW ON PEDESTAL	0.1010	0.0000		1
U+21F0	⇰	Arrows	RIGHTWARDS WHITE ARROW FROM WALL	0.0842	0.0000		1
U+21F1	⇱	Arrows	NORTH WEST ARROW TO CORNER	0.1306	0.0000		1
U+21F2	⇲	Arrows	SOUTH EAST ARROW TO CORNER	0.1305	0.0000		1
U+21F3	⇳	Arrows	UP DOWN WHITE ARROW	0.0722	0.0000		1
U+21F4	⇴	Arrows	RIGHT ARROW WITH SMALL CIRCLE	0.1193	0.0000		1
U+21F5	⇵	Arrows	DOWNWARDS ARROW LEFTWARDS OF UPWARDS ARROW	0.1614	0.0000		1
U+21F6	⇶	Arrows	THREE RIGHTWARDS ARROWS	0.2321	0.0000		1
U+21F7	⇷	Arrows	LEFTWARDS ARROW WITH VERTICAL STROKE	0.1070	0.0000		1
U+21F8	⇸	Arrows	RIGHTWARDS ARROW WITH VERTICAL STROKE	0.1073	0.0000		1
U+21F9	⇹	Arrows	LEFT RIGHT ARROW WITH VERTICAL STROKE	0.1299	0.0000		1
U+21FA	⇺	Arrows	LEFTWARDS ARROW WITH DOUBLE VERTICAL STROKE	0.1331	0.0000		1
U+21FB	⇻	Arrows	RIGHTWARDS ARROW WITH DOUBLE VERTICAL STROKE	0.1334	0.0000		1
U+21FC	⇼	Arrows	LEFT RIGHT ARROW WITH DOUBLE VERTICAL STROKE	0.1466	0.0000		1
U+21FD	⇽	Arrows	LEFTWARDS OPEN-HEADED ARROW	0.0729	0.0000		1
U+21FE	⇾	Arrows	RIGHTWARDS OPEN-HEADED ARROW	0.0728	0.0000		1
U+21FF	⇿	Arrows	LEFT RIGHT OPEN-HEADED ARROW	0.0877	0.0000		1
U+2200	∀	Math Operators	FOR ALL	0.2048	0.0000		1
U+2201	∁	Math Operators	COMPLEMENT	0.1730	0.0000		1
U+2202	∂	Math Operators	PARTIAL DIFFERENTIAL	0.1636	0.0000		1
U+2203	∃	Math Operators	THERE EXISTS	0.2001	0.0000		1
U+2204	∄	Math Operators	THERE DOES NOT EXIST	0.2580	0.0000		1
U+2205	∅	Math Operators	EMPTY SET	0.1812	0.0000		1
U+2206	∆	Math Operators	INCREMENT	0.2077	0.0016		1
U+2207	∇	Math Operators	NABLA	0.2075	0.0016		1
U+2208	∈	Math Operators	ELEMENT OF	0.1851	0.0000		1
U+2209	∉	Math Operators	NOT AN ELEMENT OF	0.2569	0.0000		1
U+220A	∊	Math Operators	SMALL ELEMENT OF	0.1485	0.0000		1
U+220B	∋	Math Operators	CONTAINS AS MEMBER	0.1855	0.0000		1
U+220C	∌	Math Operators	DOES NOT CONTAIN AS MEMBER	0.2569	0.0000		1
U+220D	∍	Math Operators	SMALL CONTAINS AS MEMBER	0.1630	0.0000		1
U+220E	∎	Math Operators	END OF PROOF	0.3006	0.0000		1
U+220F	∏	Math Operators	N-ARY PRODUCT	0.2258	0.0000		1
U+2210	∐	Math Operators	N-ARY COPRODUCT	0.2202	0.0000		1
U+2211	∑	Math Operators	N-ARY SUMMATION	0.1738	0.0000		1
U+2212	−	Math Operators	MINUS SIGN	0.0513	0.0000		1
U+2213	∓	Math Operators	MINUS-OR-PLUS SIGN	0.1503	0.0000		1
U+2215	∕	Math Operators	DIVISION SLASH	0.1014	0.0000	U+002F	0
U+2217	∗	Math Operators	ASTERISK OPERATOR	0.0911	0.0000		1
U+2218	∘	Math Operators	RING OPERATOR	0.0684	0.0000		1
U+2219	∙	Math Operators	BULLET OPERATOR	0.0904	0.0000		1
U+221A	√	Math Operators	SQUARE ROOT	0.1213	0.0000		1
U+221B	∛	Math Operators	CUBE ROOT	0.1814	0.0000		1
U+221C	∜	Math Operators	FOURTH ROOT	0.1927	0.0000		1
U+221D	∝	Math Operators	PROPORTIONAL TO	0.1053	0.0000		1
U+221E	∞	Math Operators	INFINITY	0.1441	0.0000		1
U+221F	∟	Math Operators	RIGHT ANGLE	0.0980	0.0000		1
U+2220	∠	Math Operators	ANGLE	0.0938	0.0000		1
U+2223	∣	Math Operators	DIVIDES	0.1125	0.0000	U+007C	0
U+2227	∧	Math Operators	LOGICAL AND	0.1382	0.0000		1
U+2228	∨	Math Operators	LOGICAL OR	0.1381	0.0000		1
U+2229	∩	Math Operators	INTERSECTION	0.1456	0.0000		1
U+222A	∪	Math Operators	UNION	0.1456	0.0000		1
U+222B	∫	Math Operators	INTEGRAL	0.1507	0.0000		1
U+222C	∬	Math Operators	DOUBLE INTEGRAL	0.2809	0.0000		1
U+222D	∭	Math Operators	TRIPLE INTEGRAL	0.3938	0.0000		1
U+2234	∴	Math Operators	THEREFORE	0.0732	0.0000		1
U+2235	∵	Math Operators	BECAUSE	0.0732	0.0000		1
U+2236	∶	Math Operators	RATIO	0.0488	0.0000		1
U+2237	∷	Math Operators	PROPORTION	0.0976	0.0000		1
U+2238	∸	Math Operators	DOT MINUS	0.0756	0.0000		1
U+2239	∹	Math Operators	EXCESS	0.0896	0.0000		1
U+223A	∺	Math Operators	GEOMETRIC PROPORTION	0.1488	0.0000		1
U+223B	∻	Math Operators	HOMOTHETIC	0.1058	0.0000		1
U+223C	∼	Math Operators	TILDE OPERATOR	0.0571	0.0000		1
U+223D	∽	Math Operators	REVERSED TILDE	0.0570	0.0000		1
U+2241	≁	Math Operators	NOT TILDE	0.0905	0.0000		1
U+2242	≂	Math Operators	MINUS TILDE	0.1148	0.0000		1
U+2243	≃	Math Operators	ASYMPTOTICALLY EQUAL TO	0.1152	0.0000		1
U+2244	≄	Math Operators	NOT ASYMPTOTICALLY EQUAL TO	0.1547	0.0000		1
U+2245	≅	Math Operators	APPROXIMATELY EQUAL TO	0.1733	0.0000		1
U+2246	≆	Math Operators	APPROXIMATELY BUT NOT ACTUALLY EQUAL TO	0.1951	0.0000		1
U+2247	≇	Math Operators	NEITHER APPROXIMATELY NOR ACTUALLY EQUAL TO	0.2167	0.0000		1
U+2248	≈	Math Operators	ALMOST EQUAL TO	0.1049	0.0000		1
U+2249	≉	Math Operators	NOT ALMOST EQUAL TO	0.1536	0.0000		1
U+224A	≊	Math Operators	ALMOST EQUAL OR EQUAL TO	0.1722	0.0000		1
U+224B	≋	Math Operators	TRIPLE TILDE	0.1710	0.0000		1
U+224C	≌	Math Operators	ALL EQUAL TO	0.1733	0.0000		1
U+224D	≍	Math Operators	EQUIVALENT TO	0.1190	0.0000		1
U+224E	≎	Math Operators	GEOMETRICALLY EQUIVALENT TO	0.1397	0.0000		1
U+224F	≏	Math Operators	DIFFERENCE BETWEEN	0.1271	0.0000		1
U+2250	≐	Math Operators	APPROACHES THE LIMIT	0.1269	0.0000		1
U+2251	≑	Math Operators	GEOMETRICALLY EQUAL TO	0.1563	0.0000		1
U+2252	≒	Math Operators	APPROXIMATELY EQUAL TO OR THE IMAGE OF	0.1513	0.0000		1
U+2253	≓	Math Operators	IMAGE OF OR APPROXIMATELY EQUAL TO	0.1513	0.0000		1
U+2254	≔	Math Operators	COLON EQUALS	0.1260	0.0000		1
U+2255	≕	Math Operators	EQUALS COLON	0.1259	0.0000		1
U+2256	≖	Math Operators	RING IN EQUAL TO	0.1334	0.0000		1
U+2257	≗	Math Operators	RING EQUAL TO	0.1682	0.0000		1
U+2258	≘	Math Operators	CORRESPONDS TO	0.1644	0.0000		1
U+2259	≙	Math Operators	ESTIMATES	0.1691	0.0000		1
U+225A	≚	Math Operators	EQUIANGULAR TO	0.1692	0.0000		1
U+225B	≛	Math Operators	STAR EQUALS	0.1652	0.0000		1
U+225C	≜	Math Operators	DELTA EQUAL TO	0.1737	0.0000		1
U+225D	≝	Math Operators	EQUAL TO BY DEFINITION	0.1827	0.0000		1
U+225E	≞	Math Operators	MEASURED BY	0.1743	0.0000		1
U+225F	≟	Math Operators	QUESTIONED EQUAL TO	0.1451	0.0000		1
U+2260	≠	Math Operators	NOT EQUAL TO	0.1512	0.0000		1
U+2261	≡	Math Operators	IDENTICAL TO	0.1741	0.0000		1
U+2262	≢	Math Operators	NOT IDENTICAL TO	0.2115	0.0000		1
U+2263	≣	Math Operators	STRICTLY EQUIVALENT TO	0.2321	0.0000		1
U+2264	≤	Math Operators	LESS-THAN OR EQUAL TO	0.1610	0.0000		1
U+2265	≥	Math Operators	GREATER-THAN OR EQUAL TO	0.1610	0.0000		1
U+2266	≦	Math Operators	LESS-THAN OVER EQUAL TO	0.2246	0.0000		1
U+2267	≧	Math Operators	GREATER-THAN OVER EQUAL TO	0.2246	0.0000		1
U+2268	≨	Math Operators	LESS-THAN BUT NOT EQUAL TO	0.2469	0.0000		1
U+2269	≩	Math Operators	GREATER-THAN BUT NOT EQUAL TO	0.2469	0.0000		1
U+226D	≭	Math Operators	NOT EQUIVALENT TO	0.1697	0.0000		1
U+226E	≮	Math Operators	NOT LESS-THAN	0.1614	0.0000		1
U+226F	≯	Math Operators	NOT GREATER-THAN	0.1617	0.0000		1
U+2270	≰	Math Operators	NEITHER LESS-THAN NOR EQUAL TO	0.2213	0.0000		1
U+2271	≱	Math Operators	NEITHER GREATER-THAN NOR EQUAL TO	0.2213	0.0000		1
U+2272	≲	Math Operators	LESS-THAN OR EQUIVALENT TO	0.1662	0.0000		1
U+2273	≳	Math Operators	GREATER-THAN OR EQUIVALENT TO	0.1662	0.0000		1
U+2274	≴	Math Operators	NEITHER LESS-THAN NOR EQUIVALENT TO	0.2218	0.0000		1
U+2275	≵	Math Operators	NEITHER GREATER-THAN NOR EQUIVALENT TO	0.2213	0.0000		1
U+2276	≶	Math Operators	LESS-THAN OR GREATER-THAN	0.2183	0.0000		1
U+2277	≷	Math Operators	GREATER-THAN OR LESS-THAN	0.2184	0.0000		1
U+2278	≸	Math Operators	NEITHER LESS-THAN NOR GREATER-THAN	0.2810	0.0000		1
U+2279	≹	Math Operators	NEITHER GREATER-THAN NOR LESS-THAN	0.2820	0.0000		1
U+227A	≺	Math Operators	PRECEDES	0.1176	0.0000		1
U+227B	≻	Math Operators	SUCCEEDS	0.1178	0.0000		1
U+227C	≼	Math Operators	PRECEDES OR EQUAL TO	0.1951	0.0000		1
U+227D	≽	Math Operators	SUCCEEDS OR EQUAL TO	0.1951	0.0000		1
U+227E	≾	Math Operators	PRECEDES OR EQUIVALENT TO	0.1783	0.0000		1
U+227F	≿	Math Operators	SUCCEEDS OR EQUIVALENT TO	0.1782	0.0000		1
U+2280	⊀	Math Operators	DOES NOT PRECEDE	0.1846	0.0000		1
U+2281	⊁	Math Operators	DOES NOT SUCCEED	0.1846	0.0000		1
U+2282	⊂	Math Operators	SUBSET OF	0.1159	0.0000		1
U+2283	⊃	Math Operators	SUPERSET OF	0.1159	0.0000		1
U+2284	⊄	Math Operators	NOT A SUBSET OF	0.1769	0.0000		1
U+2285	⊅	Math Operators	NOT A SUPERSET OF	0.1768	0.0000		1
U+2286	⊆	Math Operators	SUBSET OF OR EQUAL TO	0.1739	0.0000		1
U+2287	⊇	Math Operators	SUPERSET OF OR EQUAL TO	0.1738	0.0000		1
U+2288	⊈	Math Operators	NEITHER A SUBSET OF NOR EQUAL TO	0.2407	0.0000		1
U+2289	⊉	Math Operators	NEITHER A SUPERSET OF NOR EQUAL TO	0.2406	0.0000		1
U+228A	⊊	Math Operators	SUBSET OF WITH NOT EQUAL TO	0.1944	0.0000		1
U+228B	⊋	Math Operators	SUPERSET OF WITH NOT EQUAL TO	0.1945	0.0000		1
U+228D	⊍	Math Operators	MULTISET MULTIPLICATION	0.1799	0.0000		1
U+228E	⊎	Math Operators	MULTISET UNION	0.1897	0.0000		1
U+228F	⊏	Math Operators	SQUARE IMAGE OF	0.1398	0.0000		1
U+2290	⊐	Math Operators	SQUARE ORIGINAL OF	0.1395	0.0000		1
U+2291	⊑	Math Operators	SQUARE IMAGE OF OR EQUAL TO	0.1869	0.0000		1
U+2292	⊒	Math Operators	SQUARE ORIGINAL OF OR EQUAL TO	0.1866	0.0000		1
U+2293	⊓	Math Operators	SQUARE CAP	0.1779	0.0000		1
U+2294	⊔	Math Operators	SQUARE CUP	0.1778	0.0000		1
U+2295	⊕	Math Operators	CIRCLED PLUS	0.1867	0.0000		1
U+2296	⊖	Math Operators	CIRCLED MINUS	0.1621	0.0000		1
U+2297	⊗	Math Operators	CIRCLED TIMES	0.1869	0.0000		1
U+2298	⊘	Math Operators	CIRCLED DIVISION SLASH	0.1622	0.0000		1
U+2299	⊙	Math Operators	CIRCLED DOT OPERATOR	0.1557	0.0000		1
U+229A	⊚	Math Operators	CIRCLED RING OPERATOR	0.1846	0.0000		1
U+229B	⊛	Math Operators	CIRCLED ASTERISK OPERATOR	0.2025	0.0000		1
U+229C	⊜	Math Operators	CIRCLED EQUALS	0.1729	0.0000		1
U+229D	⊝	Math Operators	CIRCLED DASH	0.1492	0.0000		1
U+229E	⊞	Math Operators	SQUARED PLUS	0.2304	0.0000		1
U+229F	⊟	Math Operators	SQUARED MINUS	0.1993	0.0000		1
U+22A0	⊠	Math Operators	SQUARED TIMES	0.2420	0.0000		1
U+22A1	⊡	Math Operators	SQUARED DOT OPERATOR	0.1930	0.0000		1
U+22A2	⊢	Math Operators	RIGHT TACK	0.1174	0.0000		1
U+22A3	⊣	Math Operators	LEFT TACK	0.1173	0.0000		1
U+22A4	⊤	Math Operators	DOWN TACK	0.1170	0.0000		1
U+22A5	⊥	Math Operators	UP TACK	0.1171	0.0000		1
U+22B2	⊲	Math Operators	NORMAL SUBGROUP OF	0.1416	0.0000		1
U+22B3	⊳	Math Operators	CONTAINS AS NORMAL SUBGROUP	0.1416	0.0000		1
U+22B4	⊴	Math Operators	NORMAL SUBGROUP OF OR EQUAL TO	0.1889	0.0000		1
U+22B5	⊵	Math Operators	CONTAINS AS NORMAL SUBGROUP OR EQUAL TO	0.1888	0.0000		1
U+22B8	⊸	Math Operators	MULTIMAP	0.0963	0.0000		1
U+22C2	⋂	Math Operators	N-ARY INTERSECTION	0.2383	0.0000		1
U+22C3	⋃	Math Operators	N-ARY UNION	0.2382	0.0000		1
U+22C4	⋄	Math Operators	DIAMOND OPERATOR	0.1197	0.0000		1
U+22C5	⋅	Math Operators	DOT OPERATOR	0.0244	0.0000	U+00B7	0
U+22C6	⋆	Math Operators	STAR OPERATOR	0.0490	0.0000		1
U+22CD	⋍	Math Operators	REVERSED TILDE EQUALS	0.1152	0.0000		1
U+22CE	⋎	Math Operators	CURLY LOGICAL OR	0.1375	0.0006		1
U+22CF	⋏	Math Operators	CURLY LOGICAL AND	0.1374	0.0006		1
U+22D0	⋐	Math Operators	DOUBLE SUBSET	0.2218	0.0000		1
U+22D1	⋑	Math Operators	DOUBLE SUPERSET	0.2219	0.0000		1
U+22DA	⋚	Math Operators	LESS-THAN EQUAL TO OR GREATER-THAN	0.2757	0.0000		1
U+22DB	⋛	Math Operators	GREATER-THAN EQUAL TO OR LESS-THAN	0.2758	0.0000		1
U+22DC	⋜	Math Operators	EQUAL TO OR LESS-THAN	0.1664	0.0000		1
U+22DD	⋝	Math Operators	EQUAL TO OR GREATER-THAN	0.1664	0.0000		1
U+22DE	⋞	Math Operators	EQUAL TO OR PRECEDES	0.1951	0.0000		1
U+22DF	⋟	Math Operators	EQUAL TO OR SUCCEEDS	0.1951	0.0000		1
U+22E0	⋠	Math Operators	DOES NOT PRECEDE OR EQUAL	0.2679	0.0000		1
U+22E1	⋡	Math Operators	DOES NOT SUCCEED OR EQUAL	0.2661	0.0000		1
U+22E2	⋢	Math Operators	NOT SQUARE IMAGE OF OR EQUAL TO	0.2241	0.0000		1
U+22E3	⋣	Math Operators	NOT SQUARE ORIGINAL OF OR EQUAL TO	0.2238	0.0000		1
U+22E4	⋤	Math Operators	SQUARE IMAGE OF OR NOT EQUAL TO	0.2259	0.0000		1
U+22E5	⋥	Math Operators	SQUARE ORIGINAL OF OR NOT EQUAL TO	0.2256	0.0000		1
U+22E6	⋦	Math Operators	LESS-THAN BUT NOT EQUIVALENT TO	0.1890	0.0000		1
U+22E7	⋧	Math Operators	GREATER-THAN BUT NOT EQUIVALENT TO	0.1907	0.0000		1
U+22E8	⋨	Math Operators	PRECEDES BUT NOT EQUIVALENT TO	0.2118	0.0000		1
U+22E9	⋩	Math Operators	SUCCEEDS BUT NOT EQUIVALENT TO	0.2117	0.0000		1
U+22EF	⋯	Math Operators	MIDLINE HORIZONTAL ELLIPSIS	0.0732	0.0000		1
U+2300	⌀	Misc Technical	DIAMETER SIGN	0.1812	0.0000	U+2205	0
U+2301	⌁	Misc Technical	ELECTRIC ARROW	0.0747	0.0000		1
U+2302	⌂	Misc Technical	HOUSE	0.1286	0.0000		1
U+2303	⌃	Misc Technical	UP ARROWHEAD	0.0600	0.0000		1
U+2304	⌄	Misc Technical	DOWN ARROWHEAD	0.0601	0.0000		1
U+2305	⌅	Misc Technical	PROJECTIVE	0.0935	0.0000		1
U+2306	⌆	Misc Technical	PERSPECTIVE	0.1270	0.0000		1
U+2308	⌈	Misc Technical	LEFT CEILING	0.1184	0.0000		1
U+2309	⌉	Misc Technical	RIGHT CEILING	0.1190	0.0000		1
U+230A	⌊	Misc Technical	LEFT FLOOR	0.1184	0.0000		1
U+230B	⌋	Misc Technical	RIGHT FLOOR	0.1190	0.0000		1
U+230C	⌌	Misc Technical	BOTTOM RIGHT CROP	0.0339	0.0000		1
U+230D	⌍	Misc Technical	BOTTOM LEFT CROP	0.0339	0.0000		1
U+230E	⌎	Misc Technical	TOP RIGHT CROP	0.0339	0.0000		1
U+230F	⌏	Misc Technical	TOP LEFT CROP	0.0339	0.0000		1
U+2310	⌐	Misc Technical	REVERSED NOT SIGN	0.0753	0.0000		1
U+2311	⌑	Misc Technical	SQUARE LOZENGE	0.1190	0.0000		1
U+2312	⌒	Misc Technical	ARC	0.0675	0.0033		1
U+2313	⌓	Misc Technical	SEGMENT	0.1022	0.0022		1
U+2314	⌔	Misc Technical	SECTOR	0.0725	0.0000		1
U+2315	⌕	Misc Technical	TELEPHONE RECORDER	0.0927	0.0000		1
U+2318	⌘	Misc Technical	PLACE OF INTEREST SIGN	0.1759	0.0000		1
U+2319	⌙	Misc Technical	TURNED NOT SIGN	0.0752	0.0000		1
U+231C	⌜	Misc Technical	TOP LEFT CORNER	0.0445	0.0000		1
U+231D	⌝	Misc Technical	TOP RIGHT CORNER	0.0445	0.0000		1
U+231E	⌞	Misc Technical	BOTTOM LEFT CORNER	0.0445	0.0000		1
U+231F	⌟	Misc Technical	BOTTOM RIGHT CORNER	0.0444	0.0000		1
U+2320	⌠	Misc Technical	TOP HALF INTEGRAL	0.1588	0.0001		1
U+2321	⌡	Misc Technical	BOTTOM HALF INTEGRAL	0.1568	0.0132		1
U+2325	⌥	Misc Technical	OPTION KEY	0.1190	0.0000		1
U+2326	⌦	Misc Technical	ERASE TO THE RIGHT	0.1602	0.0003		1
U+2327	⌧	Misc Technical	X IN A RECTANGLE BOX	0.1605	0.0000		1
U+2328	⌨	Misc Technical	KEYBOARD	0.1224	0.0000		1
U+232B	⌫	Misc Technical	ERASE TO THE LEFT	0.1568	0.0209		1
U+2335	⌵	Misc Technical	COUNTERSINK	0.0478	0.0000		1
U+2336	⌶	Misc Technical	APL FUNCTIONAL SYMBOL I-BEAM	0.1655	0.0000		1
U+2337	⌷	Misc Technical	APL FUNCTIONAL SYMBOL SQUISH QUAD	0.1747	0.0000		1
U+2338	⌸	Misc Technical	APL FUNCTIONAL SYMBOL QUAD EQUAL	0.3119	0.0248		1
U+2339	⌹	Misc Technical	APL FUNCTIONAL SYMBOL QUAD DIVIDE	0.2954	0.0262		1
U+233A	⌺	Misc Technical	APL FUNCTIONAL SYMBOL QUAD DIAMOND	0.3192	0.0243		1
U+233B	⌻	Misc Technical	APL FUNCTIONAL SYMBOL QUAD JOT	0.2536	0.0304		1
U+233C	⌼	Misc Technical	APL FUNCTIONAL SYMBOL QUAD CIRCLE	0.3038	0.0255		1
U+233D	⌽	Misc Technical	APL FUNCTIONAL SYMBOL CIRCLE STILE	0.2289	0.0019		1
U+233E	⌾	Misc Technical	APL FUNCTIONAL SYMBOL CIRCLE JOT	0.1858	0.0024		1
U+233F	⌿	Misc Technical	APL FUNCTIONAL SYMBOL SLASH BAR	0.1494	0.0000		1
U+2340	⍀	Misc Technical	APL FUNCTIONAL SYMBOL BACKSLASH BAR	0.1493	0.0000		1
U+2341	⍁	Misc Technical	APL FUNCTIONAL SYMBOL QUAD SLASH	0.2939	0.0263		1
U+2342	⍂	Misc Technical	APL FUNCTIONAL SYMBOL QUAD BACKSLASH	0.2939	0.0263		1
U+2343	⍃	Misc Technical	APL FUNCTIONAL SYMBOL QUAD LESS-THAN	0.3084	0.0251		1
U+2344	⍄	Misc Technical	APL FUNCTIONAL SYMBOL QUAD GREATER-THAN	0.3084	0.0251		1
U+2345	⍅	Misc Technical	APL FUNCTIONAL SYMBOL LEFTWARDS VANE	0.1786	0.0000		1
U+2346	⍆	Misc Technical	APL FUNCTIONAL SYMBOL RIGHTWARDS VANE	0.1793	0.0000		1
U+2347	⍇	Misc Technical	APL FUNCTIONAL SYMBOL QUAD LEFTWARDS ARROW	0.2783	0.0277		1
U+2348	⍈	Misc Technical	APL FUNCTIONAL SYMBOL QUAD RIGHTWARDS ARROW	0.2783	0.0278		1
U+2349	⍉	Misc Technical	APL FUNCTIONAL SYMBOL CIRCLE BACKSLASH	0.2156	0.0021		1
U+234A	⍊	Misc Technical	APL FUNCTIONAL SYMBOL DOWN TACK UNDERBAR	0.1554	0.0000		1
U+234B	⍋	Misc Technical	APL FUNCTIONAL SYMBOL DELTA STILE	0.3004	0.0000		1
U+234C	⍌	Misc Technical	APL FUNCTIONAL SYMBOL QUAD DOWN CARET	0.3234	0.0240		1
U+234D	⍍	Misc Technical	APL FUNCTIONAL SYMBOL QUAD DELTA	0.3978	0.0196		1
U+234E	⍎	Misc Technical	APL FUNCTIONAL SYMBOL DOWN TACK JOT	0.1544	0.0000		1
U+234F	⍏	Misc Technical	APL FUNCTIONAL SYMBOL UPWARDS VANE	0.1527	0.0000		1
U+2350	⍐	Misc Technical	APL FUNCTIONAL SYMBOL QUAD UPWARDS ARROW	0.3140	0.0247		1
U+2351	⍑	Misc Technical	APL FUNCTIONAL SYMBOL UP TACK OVERBAR	0.1675	0.0000		1
U+2352	⍒	Misc Technical	APL FUNCTIONAL SYMBOL DEL STILE	0.3006	0.0000		1
U+2353	⍓	Misc Technical	APL FUNCTIONAL SYMBOL QUAD UP CARET	0.3233	0.0240		1
U+2354	⍔	Misc Technical	APL FUNCTIONAL SYMBOL QUAD DEL	0.3980	0.0196		1
U+2355	⍕	Misc Technical	APL FUNCTIONAL SYMBOL UP TACK JOT	0.1545	0.0000		1
U+2356	⍖	Misc Technical	APL FUNCTIONAL SYMBOL DOWNWARDS VANE	0.1526	0.0000		1
U+2357	⍗	Misc Technical	APL FUNCTIONAL SYMBOL QUAD DOWNWARDS ARROW	0.3140	0.0247		1
U+2358	⍘	Misc Technical	APL FUNCTIONAL SYMBOL QUOTE UNDERBAR	0.0557	0.0000		1
U+2359	⍙	Misc Technical	APL FUNCTIONAL SYMBOL DELTA UNDERBAR	0.2664	0.0018		1
U+235A	⍚	Misc Technical	APL FUNCTIONAL SYMBOL DIAMOND UNDERBAR	0.1685	0.0031		1
U+235B	⍛	Misc Technical	APL FUNCTIONAL SYMBOL JOT UNDERBAR	0.0769	0.0000		1
U+235C	⍜	Misc Technical	APL FUNCTIONAL SYMBOL CIRCLE UNDERBAR	0.1792	0.0051		1
U+235D	⍝	Misc Technical	APL FUNCTIONAL SYMBOL UP SHOE JOT	0.2143	0.0000		1
U+235E	⍞	Misc Technical	APL FUNCTIONAL SYMBOL QUOTE QUAD	0.2324	0.0331		1
U+235F	⍟	Misc Technical	APL FUNCTIONAL SYMBOL CIRCLE STAR	0.1931	0.0265		1
U+2360	⍠	Misc Technical	APL FUNCTIONAL SYMBOL QUAD COLON	0.2518	0.0306		1
U+2361	⍡	Misc Technical	APL FUNCTIONAL SYMBOL UP TACK DIAERESIS	0.1430	0.0000		1
U+2362	⍢	Misc Technical	APL FUNCTIONAL SYMBOL DEL DIAERESIS	0.2294	0.0007		1
U+2363	⍣	Misc Technical	APL FUNCTIONAL SYMBOL STAR DIAERESIS	0.0753	0.0000		1
U+2364	⍤	Misc Technical	APL FUNCTIONAL SYMBOL JOT DIAERESIS	0.0768	0.0000		1
U+2365	⍥	Misc Technical	APL FUNCTIONAL SYMBOL CIRCLE DIAERESIS	0.1613	0.0028		1
U+2366	⍦	Misc Technical	APL FUNCTIONAL SYMBOL DOWN SHOE STILE	0.2441	0.0000		1
U+2367	⍧	Misc Technical	APL FUNCTIONAL SYMBOL LEFT SHOE STILE	0.2079	0.0000		1
U+2368	⍨	Misc Technical	APL FUNCTIONAL SYMBOL TILDE DIAERESIS	0.0786	0.0000		1
U+2369	⍩	Misc Technical	APL FUNCTIONAL SYMBOL GREATER-THAN DIAERESIS	0.1353	0.0000		1
U+236A	⍪	Misc Technical	APL FUNCTIONAL SYMBOL COMMA BAR	0.0988	0.0000		1
U+236B	⍫	Misc Technical	APL FUNCTIONAL SYMBOL DEL TILDE	0.2542	0.0000		1
U+236C	⍬	Misc Technical	APL FUNCTIONAL SYMBOL ZILDE	0.2476	0.0000		1
U+236D	⍭	Misc Technical	APL FUNCTIONAL SYMBOL STILE TILDE	0.1550	0.0000		1
U+236E	⍮	Misc Technical	APL FUNCTIONAL SYMBOL SEMICOLON UNDERBAR	0.0852	0.0000		1
U+236F	⍯	Misc Technical	APL FUNCTIONAL SYMBOL QUAD NOT EQUAL	0.3361	0.0231		1
U+2370	⍰	Misc Technical	APL FUNCTIONAL SYMBOL QUAD QUESTION	0.3164	0.0245		1
U+2371	⍱	Misc Technical	APL FUNCTIONAL SYMBOL DOWN CARET TILDE	0.1749	0.0000		1
U+2372	⍲	Misc Technical	APL FUNCTIONAL SYMBOL UP CARET TILDE	0.1746	0.0000		1
U+2373	⍳	Misc Technical	APL FUNCTIONAL SYMBOL IOTA	0.0859	0.0000	U+03B9	0
U+2374	⍴	Misc Technical	APL FUNCTIONAL SYMBOL RHO	0.1920	0.0000	U+03C1	0
U+2375	⍵	Misc Technical	APL FUNCTIONAL SYMBOL OMEGA	0.1946	0.0000	U+03C9	0
U+2376	⍶	Misc Technical	APL FUNCTIONAL SYMBOL ALPHA UNDERBAR	0.2398	0.0020		1
U+2377	⍷	Misc Technical	APL FUNCTIONAL SYMBOL EPSILON UNDERBAR	0.1831	0.0000		1
U+2378	⍸	Misc Technical	APL FUNCTIONAL SYMBOL IOTA UNDERBAR	0.1122	0.0000		1
U+2379	⍹	Misc Technical	APL FUNCTIONAL SYMBOL OMEGA UNDERBAR	0.2387	0.0020		1
U+237A	⍺	Misc Technical	APL FUNCTIONAL SYMBOL ALPHA	0.1957	0.0000	U+03B1	0
U+237D	⍽	Misc Technical	SHOULDERED OPEN BOX	0.1062	0.0000		1
U+2380	⎀	Misc Technical	INSERTION SYMBOL	0.1046	0.0000		1
U+2381	⎁	Misc Technical	CONTINUOUS UNDERLINE SYMBOL	0.1147	0.0041		1
U+2382	⎂	Misc Technical	DISCONTINUOUS UNDERLINE SYMBOL	0.1541	0.0030		1
U+2383	⎃	Misc Technical	EMPHASIS SYMBOL	0.1237	0.0117		1
U+2388	⎈	Misc Technical	HELM SYMBOL	0.1536	0.0000		1
U+2389	⎉	Misc Technical	CIRCLED HORIZONTAL BAR WITH NOTCH	0.1553	0.0000		1
U+238A	⎊	Misc Technical	CIRCLED TRIANGLE DOWN	0.1826	0.0000		1
U+238B	⎋	Misc Technical	BROKEN CIRCLE WITH NORTHWEST ARROW	0.1366	0.0000		1
U+2395	⎕	Misc Technical	APL FUNCTIONAL SYMBOL QUAD	0.2030	0.0377		1
U+239B	⎛	Misc Technical	LEFT PARENTHESIS UPPER HOOK	0.1467	0.0103		1
U+239C	⎜	Misc Technical	LEFT PARENTHESIS EXTENSION	0.1508	0.0136		1
U+239D	⎝	Misc Technical	LEFT PARENTHESIS LOWER HOOK	0.1427	0.0143		1
U+239E	⎞	Misc Technical	RIGHT PARENTHESIS UPPER HOOK	0.1463	0.0103		1
U+239F	⎟	Misc Technical	RIGHT PARENTHESIS EXTENSION	0.1499	0.0136		1
U+23A0	⎠	Misc Technical	RIGHT PARENTHESIS LOWER HOOK	0.1423	0.0143		1
U+23A1	⎡	Misc Technical	LEFT SQUARE BRACKET UPPER CORNER	0.1799	0.0056		1
U+23A2	⎢	Misc Technical	LEFT SQUARE BRACKET EXTENSION	0.1508	0.0136	U+239C	0
U+23A3	⎣	Misc Technical	LEFT SQUARE BRACKET LOWER CORNER	0.1789	0.0115		1
U+23A4	⎤	Misc Technical	RIGHT SQUARE BRACKET UPPER CORNER	0.1791	0.0056		1
U+23A5	⎥	Misc Technical	RIGHT SQUARE BRACKET EXTENSION	0.1499	0.0073		1
U+23A6	⎦	Misc Technical	RIGHT SQUARE BRACKET LOWER CORNER	0.1781	0.0061		1
U+23A7	⎧	Misc Technical	LEFT CURLY BRACKET UPPER HOOK	0.1635	0.0039		1
U+23A8	⎨	Misc Technical	LEFT CURLY BRACKET MIDDLE PIECE	0.1725	0.0101		1
U+23A9	⎩	Misc Technical	LEFT CURLY BRACKET LOWER HOOK	0.1609	0.0120		1
U+23AA	⎪	Misc Technical	CURLY BRACKET EXTENSION	0.1440	0.0145		1
U+23AB	⎫	Misc Technical	RIGHT CURLY BRACKET UPPER HOOK	0.1636	0.0027		1
U+23AC	⎬	Misc Technical	RIGHT CURLY BRACKET MIDDLE PIECE	0.1724	0.0109		1
U+23AD	⎭	Misc Technical	RIGHT CURLY BRACKET LOWER HOOK	0.1611	0.0108		1
U+23AE	⎮	Misc Technical	INTEGRAL EXTENSION	0.1524	0.0136		1
U+23CE	⏎	Misc Technical	RETURN SYMBOL	0.0846	0.0000		1
U+23CF	⏏	Misc Technical	EJECT SYMBOL	0.3012	0.0070		1
U+2423	␣	Control Pictures	OPEN BOX	0.0940	0.0000		0
U+2500	─	Box Drawing	BOX DRAWINGS LIGHT HORIZONTAL	0.0672	0.0464		1
U+2501	━	Box Drawing	BOX DRAWINGS HEAVY HORIZONTAL	0.1334	0.0466		1
U+2502	│	Box Drawing	BOX DRAWINGS LIGHT VERTICAL	0.1234	0.0102		1
U+2503	┃	Box Drawing	BOX DRAWINGS HEAVY VERTICAL	0.2465	0.0102		1
U+2504	┄	Box Drawing	BOX DRAWINGS LIGHT TRIPLE DASH HORIZONTAL	0.0484	0.0000		1
U+2505	┅	Box Drawing	BOX DRAWINGS HEAVY TRIPLE DASH HORIZONTAL	0.0961	0.0000		1
U+2506	┆	Box Drawing	BOX DRAWINGS LIGHT TRIPLE DASH VERTICAL	0.0949	0.0000		1
U+2507	┇	Box Drawing	BOX DRAWINGS HEAVY TRIPLE DASH VERTICAL	0.1897	0.0000		1
U+2508	┈	Box Drawing	BOX DRAWINGS LIGHT QUADRUPLE DASH HORIZONTAL	0.0417	0.0000		1
U+2509	┉	Box Drawing	BOX DRAWINGS HEAVY QUADRUPLE DASH HORIZONTAL	0.0827	0.0000		1
U+250A	┊	Box Drawing	BOX DRAWINGS LIGHT QUADRUPLE DASH VERTICAL	0.0856	0.0000		1
U+250B	┋	Box Drawing	BOX DRAWINGS HEAVY QUADRUPLE DASH VERTICAL	0.1712	0.0000		1
U+250C	┌	Box Drawing	BOX DRAWINGS LIGHT DOWN AND RIGHT	0.0954	0.0222		1
U+250D	┍	Box Drawing	BOX DRAWINGS DOWN LIGHT AND RIGHT HEAVY	0.1280	0.0325		1
U+250E	┎	Box Drawing	BOX DRAWINGS DOWN HEAVY AND RIGHT LIGHT	0.1576	0.0135		1
U+250F	┏	Box Drawing	BOX DRAWINGS HEAVY DOWN AND RIGHT	0.1902	0.0221		1
U+2510	┐	Box Drawing	BOX DRAWINGS LIGHT DOWN AND LEFT	0.0964	0.0114		1
U+2511	┑	Box Drawing	BOX DRAWINGS DOWN LIGHT AND LEFT HEAVY	0.1300	0.0167		1
U+2512	┒	Box Drawing	BOX DRAWINGS DOWN HEAVY AND LEFT LIGHT	0.1586	0.0070		1
U+2513	┓	Box Drawing	BOX DRAWINGS HEAVY DOWN AND LEFT	0.1922	0.0114		1
U+2514	└	Box Drawing	BOX DRAWINGS LIGHT UP AND RIGHT	0.0942	0.0351		1
U+2515	┕	Box Drawing	BOX DRAWINGS UP LIGHT AND RIGHT HEAVY	0.1268	0.0421		1
U+2516	┖	Box Drawing	BOX DRAWINGS UP HEAVY AND RIGHT LIGHT	0.1551	0.0295		1
U+2517	┗	Box Drawing	BOX DRAWINGS HEAVY UP AND RIGHT	0.1877	0.0352		1
U+2518	┘	Box Drawing	BOX DRAWINGS LIGHT UP AND LEFT	0.0952	0.0244		1
U+2519	┙	Box Drawing	BOX DRAWINGS UP LIGHT AND LEFT HEAVY	0.1288	0.0263		1
U+251A	┚	Box Drawing	BOX DRAWINGS UP HEAVY AND LEFT LIGHT	0.1562	0.0229		1
U+251B	┛	Box Drawing	BOX DRAWINGS HEAVY UP AND LEFT	0.1898	0.0245		1
U+251C	├	Box Drawing	BOX DRAWINGS LIGHT VERTICAL AND RIGHT	0.1521	0.0221		1
U+251D	┝	Box Drawing	BOX DRAWINGS VERTICAL LIGHT AND RIGHT HEAVY	0.1803	0.0300		1
U+251E	┞	Box Drawing	BOX DRAWINGS UP HEAVY AND RIGHT DOWN LIGHT	0.2130	0.0216		1
U+251F	┟	Box Drawing	BOX DRAWINGS DOWN HEAVY AND RIGHT UP LIGHT	0.2142	0.0158		1
U+2520	┠	Box Drawing	BOX DRAWINGS VERTICAL HEAVY AND RIGHT LIGHT	0.2707	0.0171		1
U+2521	┡	Box Drawing	BOX DRAWINGS DOWN LIGHT AND RIGHT UP HEAVY	0.2412	0.0276		1
U+2522	┢	Box Drawing	BOX DRAWINGS UP LIGHT AND RIGHT DOWN HEAVY	0.2424	0.0225		1
U+2523	┣	Box Drawing	BOX DRAWINGS HEAVY VERTICAL AND RIGHT	0.2946	0.0227		1
U+2524	┤	Box Drawing	BOX DRAWINGS LIGHT VERTICAL AND LEFT	0.1530	0.0153		1
U+2525	┥	Box Drawing	BOX DRAWINGS VERTICAL LIGHT AND LEFT HEAVY	0.1822	0.0187		1
U+2526	┦	Box Drawing	BOX DRAWINGS UP HEAVY AND LEFT DOWN LIGHT	0.2140	0.0168		1
U+2527	┧	Box Drawing	BOX DRAWINGS DOWN HEAVY AND LEFT UP LIGHT	0.2152	0.0109		1
U+2528	┨	Box Drawing	BOX DRAWINGS VERTICAL HEAVY AND LEFT LIGHT	0.2718	0.0133		1
U+2529	┩	Box Drawing	BOX DRAWINGS DOWN LIGHT AND LEFT UP HEAVY	0.2433	0.0192		1
U+252A	┪	Box Drawing	BOX DRAWINGS UP LIGHT AND LEFT DOWN HEAVY	0.2445	0.0140		1
U+252B	┫	Box Drawing	BOX DRAWINGS HEAVY VERTICAL AND LEFT	0.2967	0.0158		1
U+252C	┬	Box Drawing	BOX DRAWINGS LIGHT DOWN AND HORIZONTAL	0.1251	0.0255		1
U+252D	┭	Box Drawing	BOX DRAWINGS LEFT HEAVY AND RIGHT DOWN LIGHT	0.1587	0.0268		1
U+252E	┮	Box Drawing	BOX DRAWINGS RIGHT HEAVY AND LEFT DOWN LIGHT	0.1577	0.0332		1
U+252F	┯	Box Drawing	BOX DRAWINGS DOWN LIGHT AND HORIZONTAL HEAVY	0.1869	0.0337		1
U+2530	┰	Box Drawing	BOX DRAWINGS DOWN HEAVY AND HORIZONTAL LIGHT	0.1828	0.0176		1
U+2531	┱	Box Drawing	BOX DRAWINGS RIGHT LIGHT AND LEFT DOWN HEAVY	0.2164	0.0198		1
U+2532	┲	Box Drawing	BOX DRAWINGS LEFT LIGHT AND RIGHT DOWN HEAVY	0.2154	0.0245		1
U+2533	┳	Box Drawing	BOX DRAWINGS HEAVY DOWN AND HORIZONTAL	0.2403	0.0264		1
U+2534	┴	Box Drawing	BOX DRAWINGS LIGHT UP AND HORIZONTAL	0.1239	0.0354		1
U+2535	┵	Box Drawing	BOX DRAWINGS LEFT HEAVY AND RIGHT UP LIGHT	0.1575	0.0346		1
U+2536	┶	Box Drawing	BOX DRAWINGS RIGHT HEAVY AND LEFT UP LIGHT	0.1565	0.0410		1
U+2537	┷	Box Drawing	BOX DRAWINGS UP LIGHT AND HORIZONTAL HEAVY	0.1857	0.0402		1
U+2538	┸	Box Drawing	BOX DRAWINGS UP HEAVY AND HORIZONTAL LIGHT	0.1804	0.0312		1
U+2539	┹	Box Drawing	BOX DRAWINGS RIGHT LIGHT AND LEFT UP HEAVY	0.2140	0.0313		1
U+253A	┺	Box Drawing	BOX DRAWINGS LEFT LIGHT AND RIGHT UP HEAVY	0.2130	0.0360		1
U+253B	┻	Box Drawing	BOX DRAWINGS HEAVY UP AND HORIZONTAL	0.2379	0.0367		1
U+253C	┼	Box Drawing	BOX DRAWINGS LIGHT VERTICAL AND HORIZONTAL	0.1817	0.0244		1
U+253D	┽	Box Drawing	BOX DRAWINGS LEFT HEAVY AND RIGHT VERTICAL LIGHT	0.2109	0.0261		1
U+253E	┾	Box Drawing	BOX DRAWINGS RIGHT HEAVY AND LEFT VERTICAL LIGHT	0.2100	0.0308		1
U+253F	┿	Box Drawing	BOX DRAWINGS VERTICAL LIGHT AND HORIZONTAL HEAVY	0.2392	0.0315		1
U+2540	╀	Box Drawing	BOX DRAWINGS UP HEAVY AND DOWN HORIZONTAL LIGHT	0.2383	0.0238		1
U+2541	╁	Box Drawing	BOX DRAWINGS DOWN HEAVY AND UP HORIZONTAL LIGHT	0.2395	0.0186		1
U+2542	╂	Box Drawing	BOX DRAWINGS VERTICAL HEAVY AND HORIZONTAL LIGHT	0.2960	0.0193		1
U+2543	╃	Box Drawing	BOX DRAWINGS LEFT UP HEAVY AND RIGHT DOWN LIGHT	0.2675	0.0252		1
U+2544	╄	Box Drawing	BOX DRAWINGS RIGHT UP HEAVY AND LEFT DOWN LIGHT	0.2665	0.0290		1
U+2545	╅	Box Drawing	BOX DRAWINGS LEFT DOWN HEAVY AND RIGHT UP LIGHT	0.2687	0.0206		1
U+2546	╆	Box Drawing	BOX DRAWINGS RIGHT DOWN HEAVY AND LEFT UP LIGHT	0.2677	0.0244		1
U+2547	╇	Box Drawing	BOX DRAWINGS DOWN LIGHT AND UP HORIZONTAL HEAVY	0.2914	0.0302		1
U+2548	╈	Box Drawing	BOX DRAWINGS UP LIGHT AND DOWN HORIZONTAL HEAVY	0.2926	0.0259		1
U+2549	╉	Box Drawing	BOX DRAWINGS RIGHT LIGHT AND LEFT VERTICAL HEAVY	0.3209	0.0211		1
U+254A	╊	Box Drawing	BOX DRAWINGS LEFT LIGHT AND RIGHT VERTICAL HEAVY	0.3199	0.0243		1
U+254B	╋	Box Drawing	BOX DRAWINGS HEAVY VERTICAL AND HORIZONTAL	0.3447	0.0256		1
U+254C	╌	Box Drawing	BOX DRAWINGS LIGHT DOUBLE DASH HORIZONTAL	0.0549	0.0000		1
U+254D	╍	Box Drawing	BOX DRAWINGS HEAVY DOUBLE DASH HORIZONTAL	0.1091	0.0000		1
U+254E	╎	Box Drawing	BOX DRAWINGS LIGHT DOUBLE DASH VERTICAL	0.0873	0.0000		1
U+254F	╏	Box Drawing	BOX DRAWINGS HEAVY DOUBLE DASH VERTICAL	0.1746	0.0000		1
U+2550	═	Box Drawing	BOX DRAWINGS DOUBLE HORIZONTAL	0.1334	0.0465		1
U+2551	║	Box Drawing	BOX DRAWINGS DOUBLE VERTICAL	0.2465	0.0102		1
U+2552	╒	Box Drawing	BOX DRAWINGS DOWN SINGLE AND RIGHT DOUBLE	0.1325	0.0314		1
U+2553	╓	Box Drawing	BOX DRAWINGS DOWN DOUBLE AND RIGHT SINGLE	0.1620	0.0132		1
U+2554	╔	Box Drawing	BOX DRAWINGS DOUBLE DOWN AND RIGHT	0.1902	0.0221		1
U+2555	╕	Box Drawing	BOX DRAWINGS DOWN SINGLE AND LEFT DOUBLE	0.1344	0.0161		1
U+2556	╖	Box Drawing	BOX DRAWINGS DOWN DOUBLE AND LEFT SINGLE	0.1630	0.0068		1
U+2557	╗	Box Drawing	BOX DRAWINGS DOUBLE DOWN AND LEFT	0.1922	0.0113		1
U+2558	╘	Box Drawing	BOX DRAWINGS UP SINGLE AND RIGHT DOUBLE	0.1312	0.0407		1
U+2559	╙	Box Drawing	BOX DRAWINGS UP DOUBLE AND RIGHT SINGLE	0.1596	0.0286		1
U+255A	╚	Box Drawing	BOX DRAWINGS DOUBLE UP AND RIGHT	0.1877	0.0351		1
U+255B	╛	Box Drawing	BOX DRAWINGS UP SINGLE AND LEFT DOUBLE	0.1332	0.0254		1
U+255C	╜	Box Drawing	BOX DRAWINGS UP DOUBLE AND LEFT SINGLE	0.1606	0.0222		1
U+255D	╝	Box Drawing	BOX DRAWINGS DOUBLE UP AND LEFT	0.1897	0.0244		1
U+255E	╞	Box Drawing	BOX DRAWINGS VERTICAL SINGLE AND RIGHT DOUBLE	0.1803	0.0299		1
U+255F	╟	Box Drawing	BOX DRAWINGS VERTICAL DOUBLE AND RIGHT SINGLE	0.2663	0.0173		1
U+2560	╠	Box Drawing	BOX DRAWINGS DOUBLE VERTICAL AND RIGHT	0.2770	0.0241		1
U+2561	╡	Box Drawing	BOX DRAWINGS VERTICAL SINGLE AND LEFT DOUBLE	0.1823	0.0187		1
U+2562	╢	Box Drawing	BOX DRAWINGS VERTICAL DOUBLE AND LEFT SINGLE	0.2673	0.0135		1
U+2563	╣	Box Drawing	BOX DRAWINGS DOUBLE VERTICAL AND LEFT	0.2790	0.0167		1
U+2564	╤	Box Drawing	BOX DRAWINGS DOWN SINGLE AND HORIZONTAL DOUBLE	0.1825	0.0344		1
U+2565	╥	Box Drawing	BOX DRAWINGS DOWN DOUBLE AND HORIZONTAL SINGLE	0.1828	0.0176		1
U+2566	╦	Box Drawing	BOX DRAWINGS DOUBLE DOWN AND HORIZONTAL	0.2227	0.0284		1
U+2567	╧	Box Drawing	BOX DRAWINGS UP SINGLE AND HORIZONTAL DOUBLE	0.1813	0.0411		1
U+2568	╨	Box Drawing	BOX DRAWINGS UP DOUBLE AND HORIZONTAL SINGLE	0.1804	0.0312		1
U+2569	╩	Box Drawing	BOX DRAWINGS DOUBLE UP AND HORIZONTAL	0.2202	0.0394		1
U+256A	╪	Box Drawing	BOX DRAWINGS VERTICAL SINGLE AND HORIZONTAL DOUBLE	0.2392	0.0315		1
U+256B	╫	Box Drawing	BOX DRAWINGS VERTICAL DOUBLE AND HORIZONTAL SINGLE	0.2960	0.0193		1
U+256C	╬	Box Drawing	BOX DRAWINGS DOUBLE VERTICAL AND HORIZONTAL	0.3095	0.0284		1
U+256D	╭	Box Drawing	BOX DRAWINGS LIGHT ARC DOWN AND RIGHT	0.0889	0.0238		1
U+256E	╮	Box Drawing	BOX DRAWINGS LIGHT ARC DOWN AND LEFT	0.0898	0.0122		1
U+256F	╯	Box Drawing	BOX DRAWINGS LIGHT ARC UP AND LEFT	0.0887	0.0261		1
U+2570	╰	Box Drawing	BOX DRAWINGS LIGHT ARC UP AND RIGHT	0.0878	0.0376		1
U+2571	╱	Box Drawing	BOX DRAWINGS LIGHT DIAGONAL UPPER RIGHT TO LOWER LEFT	0.1298	0.0454		1
U+2572	╲	Box Drawing	BOX DRAWINGS LIGHT DIAGONAL UPPER LEFT TO LOWER RIGHT	0.1298	0.0455		1
U+2573	╳	Box Drawing	BOX DRAWINGS LIGHT DIAGONAL CROSS	0.2498	0.0471		1
U+2574	╴	Box Drawing	BOX DRAWINGS LIGHT LEFT	0.0341	0.0315		1
U+2575	╵	Box Drawing	BOX DRAWINGS LIGHT UP	0.0611	0.0204		1
U+2576	╶	Box Drawing	BOX DRAWINGS LIGHT RIGHT	0.0331	0.0613		1
U+2577	╷	Box Drawing	BOX DRAWINGS LIGHT DOWN	0.0623	0.0000		1
U+2578	╸	Box Drawing	BOX DRAWINGS HEAVY LEFT	0.0677	0.0317		1
U+2579	╹	Box Drawing	BOX DRAWINGS HEAVY UP	0.1221	0.0204		1
U+257A	╺	Box Drawing	BOX DRAWINGS HEAVY RIGHT	0.0657	0.0615		1
U+257B	╻	Box Drawing	BOX DRAWINGS HEAVY DOWN	0.1245	0.0000		1
U+257C	╼	Box Drawing	BOX DRAWINGS LIGHT LEFT AND HEAVY RIGHT	0.0987	0.0520		1
U+257D	╽	Box Drawing	BOX DRAWINGS LIGHT UP AND HEAVY DOWN	0.1855	0.0068		1
U+257E	╾	Box Drawing	BOX DRAWINGS HEAVY LEFT AND LIGHT RIGHT	0.1020	0.0412		1
U+257F	╿	Box Drawing	BOX DRAWINGS HEAVY UP AND LIGHT DOWN	0.1843	0.0136		1
U+2580	▀	Block Elements	UPPER HALF BLOCK	0.4633	0.0635		1
U+2581	▁	Block Elements	LOWER ONE EIGHTH BLOCK	0.1238	0.0466		1
U+2582	▂	Block Elements	LOWER ONE QUARTER BLOCK	0.2396	0.0467		1
U+2583	▃	Block Elements	LOWER THREE EIGHTHS BLOCK	0.3558	0.0467		1
U+2584	▄	Block Elements	LOWER HALF BLOCK	0.4716	0.0467		1
U+2585	▅	Block Elements	LOWER FIVE EIGHTHS BLOCK	0.5879	0.0467		1
U+2586	▆	Block Elements	LOWER THREE QUARTERS BLOCK	0.7037	0.0467		1
U+2587	▇	Block Elements	LOWER SEVEN EIGHTHS BLOCK	0.8200	0.0467		1
U+2588	█	Block Elements	FULL BLOCK	0.9339	0.0565		1
U+2589	▉	Block Elements	LEFT SEVEN EIGHTHS BLOCK	0.8419	0.0282		1
U+258A	▊	Block Elements	LEFT THREE QUARTERS BLOCK	0.7187	0.0312		1
U+258B	▋	Block Elements	LEFT FIVE EIGHTHS BLOCK	0.5965	0.0354		1
U+258C	▌	Block Elements	LEFT HALF BLOCK	0.4743	0.0417		1
U+258D	▍	Block Elements	LEFT THREE EIGHTHS BLOCK	0.3520	0.0522		1
U+258E	▎	Block Elements	LEFT ONE QUARTER BLOCK	0.2291	0.0732		1
U+258F	▏	Block Elements	LEFT ONE EIGHTH BLOCK	0.1060	0.1370		1
U+2590	▐	Block Elements	RIGHT HALF BLOCK	0.4599	0.0713		1
U+2591	░	Block Elements	LIGHT SHADE	0.1741	0.0026		1
U+2592	▒	Block Elements	MEDIUM SHADE	0.4638	0.0169		1
U+2593	▓	Block Elements	DARK SHADE	0.7533	0.0207		1
U+2594	▔	Block Elements	UPPER ONE EIGHTH BLOCK	0.1104	0.1497		1
U+2595	▕	Block Elements	RIGHT ONE EIGHTH BLOCK	0.0922	0.2488		1
U+2596	▖	Block Elements	QUADRANT LOWER LEFT	0.2400	0.0317		1
U+2597	▗	Block Elements	QUADRANT LOWER RIGHT	0.2322	0.0634		1
U+2598	▘	Block Elements	QUADRANT UPPER LEFT	0.2357	0.0488		1
U+2599	▙	Block Elements	QUADRANT UPPER LEFT AND LOWER LEFT AND LOWER RIGHT	0.7068	0.0486		1
U+259A	▚	Block Elements	QUADRANT UPPER LEFT AND LOWER RIGHT	0.4680	0.0561		1
U+259B	▛	Block Elements	QUADRANT UPPER LEFT AND UPPER RIGHT AND LOWER LEFT	0.7023	0.0547		1
U+259C	▜	Block Elements	QUADRANT UPPER LEFT AND UPPER RIGHT AND LOWER RIGHT	0.6941	0.0653		1
U+259D	▝	Block Elements	QUADRANT UPPER RIGHT	0.2281	0.0799		1
U+259E	▞	Block Elements	QUADRANT UPPER RIGHT AND LOWER LEFT	0.4681	0.0558		1
U+259F	▟	Block Elements	QUADRANT UPPER RIGHT AND LOWER LEFT AND LOWER RIGHT	0.6988	0.0590		1
U+25A0	■	Geometric Shapes	BLACK SQUARE	0.4711	0.0107		1
U+25A1	□	Geometric Shapes	WHITE SQUARE	0.1565	0.0315		1
U+25A2	▢	Geometric Shapes	WHITE SQUARE WITH ROUNDED CORNERS	0.1454	0.0192		1
U+25A3	▣	Geometric Shapes	WHITE SQUARE CONTAINING BLACK SMALL SQUARE	0.3580	0.0140		1
U+25A4	▤	Geometric Shapes	SQUARE WITH HORIZONTAL FILL	0.3010	0.0166		1
U+25A5	▥	Geometric Shapes	SQUARE WITH VERTICAL FILL	0.3012	0.0166		1
U+25A6	▦	Geometric Shapes	SQUARE WITH ORTHOGONAL CROSSHATCH FILL	0.3790	0.0133		1
U+25A7	▧	Geometric Shapes	SQUARE WITH UPPER LEFT TO LOWER RIGHT FILL	0.3200	0.0157		1
U+25A8	▨	Geometric Shapes	SQUARE WITH UPPER RIGHT TO LOWER LEFT FILL	0.3200	0.0157		1
U+25A9	▩	Geometric Shapes	SQUARE WITH DIAGONAL CROSSHATCH FILL	0.3927	0.0128		1
U+25AA	▪	Geometric Shapes	BLACK SMALL SQUARE	0.2015	0.0000		1
U+25AB	▫	Geometric Shapes	WHITE SMALL SQUARE	0.0990	0.0000		1
U+25AC	▬	Geometric Shapes	BLACK RECTANGLE	0.2252	0.0107		1
U+25AD	▭	Geometric Shapes	WHITE RECTANGLE	0.1126	0.0211		1
U+25AE	▮	Geometric Shapes	BLACK VERTICAL RECTANGLE	0.2281	0.0000		1
U+25AF	▯	Geometric Shapes	WHITE VERTICAL RECTANGLE	0.1155	0.0000		1
U+25B0	▰	Geometric Shapes	BLACK PARALLELOGRAM	0.1701	0.0003		1
U+25B1	▱	Geometric Shapes	WHITE PARALLELOGRAM	0.0924	0.0005		1
U+25B2	▲	Geometric Shapes	BLACK UP-POINTING TRIANGLE	0.2381	0.0002		1
U+25B3	△	Geometric Shapes	WHITE UP-POINTING TRIANGLE	0.1148	0.0004		1
U+25B4	▴	Geometric Shapes	BLACK UP-POINTING SMALL TRIANGLE	0.1007	0.0000		1
U+25B5	▵	Geometric Shapes	WHITE UP-POINTING SMALL TRIANGLE	0.0682	0.0000		1
U+25B6	▶	Geometric Shapes	BLACK RIGHT-POINTING TRIANGLE	0.2381	0.0001		1
U+25B7	▷	Geometric Shapes	WHITE RIGHT-POINTING TRIANGLE	0.1147	0.0002		1
U+25B8	▸	Geometric Shapes	BLACK RIGHT-POINTING SMALL TRIANGLE	0.1007	0.0000		1
U+25B9	▹	Geometric Shapes	WHITE RIGHT-POINTING SMALL TRIANGLE	0.0681	0.0000		1
U+25BA	►	Geometric Shapes	BLACK RIGHT-POINTING POINTER	0.1549	0.0000		1
U+25BB	▻	Geometric Shapes	WHITE RIGHT-POINTING POINTER	0.0955	0.0001		1
U+25BC	▼	Geometric Shapes	BLACK DOWN-POINTING TRIANGLE	0.2381	0.0002		1
U+25BD	▽	Geometric Shapes	WHITE DOWN-POINTING TRIANGLE	0.1338	0.0003		1
U+25BE	▾	Geometric Shapes	BLACK DOWN-POINTING SMALL TRIANGLE	0.1007	0.0000		1
U+25BF	▿	Geometric Shapes	WHITE DOWN-POINTING SMALL TRIANGLE	0.0681	0.0000		1
U+25C0	◀	Geometric Shapes	BLACK LEFT-POINTING TRIANGLE	0.2331	0.0213		1
U+25C1	◁	Geometric Shapes	WHITE LEFT-POINTING TRIANGLE	0.1096	0.0442		1
U+25C2	◂	Geometric Shapes	BLACK LEFT-POINTING SMALL TRIANGLE	0.1008	0.0000		1
U+25C3	◃	Geometric Shapes	WHITE LEFT-POINTING SMALL TRIANGLE	0.0681	0.0000		1
U+25C4	◄	Geometric Shapes	BLACK LEFT-POINTING POINTER	0.1516	0.0213		1
U+25C5	◅	Geometric Shapes	WHITE LEFT-POINTING POINTER	0.0922	0.0345		1
U+25C6	◆	Geometric Shapes	BLACK DIAMOND	0.2380	0.0002		1
U+25C7	◇	Geometric Shapes	WHITE DIAMOND	0.1244	0.0004		1
U+25C8	◈	Geometric Shapes	WHITE DIAMOND CONTAINING BLACK SMALL DIAMOND	0.1895	0.0003		1
U+25C9	◉	Geometric Shapes	FISHEYE	0.2926	0.0015		1
U+25CA	◊	Geometric Shapes	LOZENGE	0.1366	0.0000		1
U+25CB	○	Geometric Shapes	WHITE CIRCLE	0.1351	0.0033		1
U+25CC	◌	Geometric Shapes	DOTTED CIRCLE	0.0797	0.0063		1
U+25CD	◍	Geometric Shapes	CIRCLE WITH VERTICAL FILL	0.2548	0.0018		1
U+25CE	◎	Geometric Shapes	BULLSEYE	0.1771	0.0025		1
U+25CF	●	Geometric Shapes	BLACK CIRCLE	0.3739	0.0012		1
U+25D0	◐	Geometric Shapes	CIRCLE WITH LEFT HALF BLACK	0.2546	0.0018		1
U+25D1	◑	Geometric Shapes	CIRCLE WITH RIGHT HALF BLACK	0.2545	0.0018		1
U+25D2	◒	Geometric Shapes	CIRCLE WITH LOWER HALF BLACK	0.2546	0.0018		1
U+25D3	◓	Geometric Shapes	CIRCLE WITH UPPER HALF BLACK	0.2546	0.0018		1
U+25D4	◔	Geometric Shapes	CIRCLE WITH UPPER RIGHT QUADRANT BLACK	0.1948	0.0023		1
U+25D5	◕	Geometric Shapes	CIRCLE WITH ALL BUT UPPER LEFT QUADRANT BLACK	0.3142	0.0014		1
U+25D6	◖	Geometric Shapes	LEFT HALF BLACK CIRCLE	0.1874	0.0000		1
U+25D7	◗	Geometric Shapes	RIGHT HALF BLACK CIRCLE	0.1869	0.0000		1
U+25D8	◘	Geometric Shapes	INVERSE BULLET	0.5308	0.0541		1
U+25D9	◙	Geometric Shapes	INVERSE WHITE CIRCLE	0.6748	0.0549		1
U+25DA	◚	Geometric Shapes	UPPER HALF INVERSE WHITE CIRCLE	0.3376	0.0549		1
U+25DB	◛	Geometric Shapes	LOWER HALF INVERSE WHITE CIRCLE	0.3372	0.0550		1
U+25DC	◜	Geometric Shapes	UPPER LEFT QUADRANT CIRCULAR ARC	0.0340	0.0000		1
U+25DD	◝	Geometric Shapes	UPPER RIGHT QUADRANT CIRCULAR ARC	0.0340	0.0000		1
U+25DE	◞	Geometric Shapes	LOWER RIGHT QUADRANT CIRCULAR ARC	0.0339	0.0000		1
U+25DF	◟	Geometric Shapes	LOWER LEFT QUADRANT CIRCULAR ARC	0.0341	0.0000		1
U+25E0	◠	Geometric Shapes	UPPER HALF CIRCLE	0.0675	0.0033		1
U+25E1	◡	Geometric Shapes	LOWER HALF CIRCLE	0.0677	0.0032		1
U+25E2	◢	Geometric Shapes	BLACK LOWER RIGHT TRIANGLE	0.2330	0.0213		1
U+25E3	◣	Geometric Shapes	BLACK LOWER LEFT TRIANGLE	0.2380	0.0001		1
U+25E4	◤	Geometric Shapes	BLACK UPPER LEFT TRIANGLE	0.2381	0.0001		1
U+25E5	◥	Geometric Shapes	BLACK UPPER RIGHT TRIANGLE	0.2332	0.0213		1
U+25E6	◦	Geometric Shapes	WHITE BULLET	0.0328	0.0000		1
U+25E7	◧	Geometric Shapes	SQUARE WITH LEFT HALF BLACK	0.3142	0.0160		1
U+25E8	◨	Geometric Shapes	SQUARE WITH RIGHT HALF BLACK	0.3139	0.0160		1
U+25E9	◩	Geometric Shapes	SQUARE WITH UPPER LEFT DIAGONAL HALF BLACK	0.3140	0.0160		1
U+25EA	◪	Geometric Shapes	SQUARE WITH LOWER RIGHT DIAGONAL HALF BLACK	0.3139	0.0160		1
U+25EB	◫	Geometric Shapes	WHITE SQUARE WITH VERTICAL BISECTING LINE	0.1931	0.0257		1
U+25EC	◬	Geometric Shapes	WHITE UP-POINTING TRIANGLE WITH DOT	0.1323	0.0004		1
U+25ED	◭	Geometric Shapes	UP-POINTING TRIANGLE WITH LEFT HALF BLACK	0.1765	0.0003		1
U+25EE	◮	Geometric Shapes	UP-POINTING TRIANGLE WITH RIGHT HALF BLACK	0.1764	0.0003		1
U+25EF	◯	Geometric Shapes	LARGE CIRCLE	0.1440	0.0352		1
U+25F0	◰	Geometric Shapes	WHITE SQUARE WITH UPPER LEFT QUADRANT	0.1931	0.0257		1
U+25F1	◱	Geometric Shapes	WHITE SQUARE WITH LOWER LEFT QUADRANT	0.1931	0.0257		1
U+25F2	◲	Geometric Shapes	WHITE SQUARE WITH LOWER RIGHT QUADRANT	0.1931	0.0257		1
U+25F3	◳	Geometric Shapes	WHITE SQUARE WITH UPPER RIGHT QUADRANT	0.1931	0.0257		1
U+25F4	◴	Geometric Shapes	WHITE CIRCLE WITH UPPER LEFT QUADRANT	0.1706	0.0026		1
U+25F5	◵	Geometric Shapes	WHITE CIRCLE WITH LOWER LEFT QUADRANT	0.1704	0.0026		1
U+25F6	◶	Geometric Shapes	WHITE CIRCLE WITH LOWER RIGHT QUADRANT	0.1703	0.0026		1
U+25F7	◷	Geometric Shapes	WHITE CIRCLE WITH UPPER RIGHT QUADRANT	0.1704	0.0026		1
U+25F8	◸	Geometric Shapes	UPPER LEFT TRIANGLE	0.1302	0.0002		1
U+25F9	◹	Geometric Shapes	UPPER RIGHT TRIANGLE	0.1254	0.0389		1
U+25FA	◺	Geometric Shapes	LOWER LEFT TRIANGLE	0.1300	0.0002		1
U+25FB	◻	Geometric Shapes	WHITE MEDIUM SQUARE	0.1352	0.0000		1
U+25FC	◼	Geometric Shapes	BLACK MEDIUM SQUARE	0.3447	0.0000		1
U+25FD	◽	Geometric Shapes	WHITE MEDIUM SMALL SQUARE	0.1121	0.0000		1
U+25FE	◾	Geometric Shapes	BLACK MEDIUM SMALL SQUARE	0.2487	0.0000		1
U+25FF	◿	Geometric Shapes	LOWER RIGHT TRIANGLE	0.1252	0.0389		1
U+2600	☀	Misc Symbols	BLACK SUN WITH RAYS	0.1082	0.0000		0
U+2601	☁	Misc Symbols	CLOUD	0.1093	0.0000		0
U+2602	☂	Misc Symbols	UMBRELLA	0.1130	0.0000		0
U+2603	☃	Misc Symbols	SNOWMAN	0.0903	0.0000		0
U+2604	☄	Misc Symbols	COMET	0.0364	0.0000		0
U+2605	★	Misc Symbols	BLACK STAR	0.1235	0.0000		0
U+2606	☆	Misc Symbols	WHITE STAR	0.0473	0.0000		0
U+2607	☇	Misc Symbols	LIGHTNING	0.1035	0.0000		0
U+2608	☈	Misc Symbols	THUNDERSTORM	0.1947	0.0000		0
U+2609	☉	Misc Symbols	SUN	0.0816	0.0000		0
U+260A	☊	Misc Symbols	ASCENDING NODE	0.1847	0.0002		0
U+260B	☋	Misc Symbols	DESCENDING NODE	0.1957	0.0000		0
U+260C	☌	Misc Symbols	CONJUNCTION	0.1847	0.0000		0
U+260D	☍	Misc Symbols	OPPOSITION	0.1450	0.0000		0
U+260E	☎	Misc Symbols	BLACK TELEPHONE	0.2948	0.0000		0
U+260F	☏	Misc Symbols	WHITE TELEPHONE	0.1060	0.0016		0
U+2610	☐	Misc Symbols	BALLOT BOX	0.0913	0.0000		0
U+2611	☑	Misc Symbols	BALLOT BOX WITH CHECK	0.1211	0.0000		0
U+2612	☒	Misc Symbols	BALLOT BOX WITH X	0.1291	0.0000		0
U+2613	☓	Misc Symbols	SALTIRE	0.1080	0.0000		0
U+2614	☔	Misc Symbols	UMBRELLA WITH RAIN DROPS	0.1182	0.0000		0
U+2615	☕	Misc Symbols	HOT BEVERAGE	0.0887	0.0000		0
U+2616	☖	Misc Symbols	WHITE SHOGI PIECE	0.1241	0.0000		0
U+2617	☗	Misc Symbols	BLACK SHOGI PIECE	0.4371	0.0000		0
U+2618	☘	Misc Symbols	SHAMROCK	0.1956	0.0000		0
U+2619	☙	Misc Symbols	REVERSED ROTATED FLORAL HEART BULLET	0.1226	0.0000		0
U+261A	☚	Misc Symbols	BLACK LEFT POINTING INDEX	0.2090	0.0000		0
U+261B	☛	Misc Symbols	BLACK RIGHT POINTING INDEX	0.2087	0.0000		0
U+261C	☜	Misc Symbols	WHITE LEFT POINTING INDEX	0.0458	0.0011		0
U+261D	☝	Misc Symbols	WHITE UP POINTING INDEX	0.0684	0.0000		0
U+261E	☞	Misc Symbols	WHITE RIGHT POINTING INDEX	0.0457	0.0009		0
U+261F	☟	Misc Symbols	WHITE DOWN POINTING INDEX	0.0686	0.0000		0
U+2620	☠	Misc Symbols	SKULL AND CROSSBONES	0.1188	0.0005		0
U+2621	☡	Misc Symbols	CAUTION SIGN	0.1810	0.0010		0
U+2622	☢	Misc Symbols	RADIOACTIVE SIGN	0.2033	0.0018		0
U+2623	☣	Misc Symbols	BIOHAZARD SIGN	0.0956	0.0000		0
U+2624	☤	Misc Symbols	CADUCEUS	0.1539	0.0000		0
U+2625	☥	Misc Symbols	ANKH	0.1171	0.0000		0
U+2626	☦	Misc Symbols	ORTHODOX CROSS	0.1255	0.0000		0
U+2627	☧	Misc Symbols	CHI RHO	0.1926	0.0000		0
U+2628	☨	Misc Symbols	CROSS OF LORRAINE	0.1436	0.0000		0
U+2629	☩	Misc Symbols	CROSS OF JERUSALEM	0.0891	0.0000		0
U+262A	☪	Misc Symbols	STAR AND CRESCENT	0.1440	0.0000		0
U+262B	☫	Misc Symbols	FARSI SYMBOL	0.1623	0.0033		0
U+262C	☬	Misc Symbols	ADI SHAKTI	0.2040	0.0000		0
U+262D	☭	Misc Symbols	HAMMER AND SICKLE	0.1473	0.0000		0
U+262E	☮	Misc Symbols	PEACE SYMBOL	0.1686	0.0000		0
U+262F	☯	Misc Symbols	YIN YANG	0.2057	0.0005		0
U+2638	☸	Misc Symbols	WHEEL OF DHARMA	0.1928	0.0014		0
U+2639	☹	Misc Symbols	WHITE FROWNING FACE	0.1603	0.0000		0
U+263A	☺	Misc Symbols	WHITE SMILING FACE	0.1601	0.0000		0
U+263B	☻	Misc Symbols	BLACK SMILING FACE	0.2874	0.0000		0
U+263C	☼	Misc Symbols	WHITE SUN WITH RAYS	0.0825	0.0000		0
U+263D	☽	Misc Symbols	FIRST QUARTER MOON	0.0890	0.0000		0
U+263E	☾	Misc Symbols	LAST QUARTER MOON	0.0916	0.0000		0
U+263F	☿	Misc Symbols	MERCURY	0.1612	0.0000		0
U+2640	♀	Misc Symbols	FEMALE SIGN	0.1525	0.0000		0
U+2641	♁	Misc Symbols	EARTH	0.1524	0.0000		0
U+2642	♂	Misc Symbols	MALE SIGN	0.1475	0.0000		0
U+2643	♃	Misc Symbols	JUPITER	0.1723	0.0000		0
U+2644	♄	Misc Symbols	SATURN	0.1345	0.0000		0
U+2645	♅	Misc Symbols	URANUS	0.1712	0.0000		0
U+2646	♆	Misc Symbols	NEPTUNE	0.1437	0.0000		0
U+2647	♇	Misc Symbols	PLUTO	0.1562	0.0000		0
U+2648	♈	Misc Symbols	ARIES	0.1092	0.0000		0
U+2649	♉	Misc Symbols	TAURUS	0.1273	0.0000		0
U+264A	♊	Misc Symbols	GEMINI	0.1625	0.0000		0
U+264B	♋	Misc Symbols	CANCER	0.1659	0.0000		0
U+264C	♌	Misc Symbols	LEO	0.1157	0.0000		0
U+264D	♍	Misc Symbols	VIRGO	0.1835	0.0000		0
U+264E	♎	Misc Symbols	LIBRA	0.1309	0.0000		0
U+264F	♏	Misc Symbols	SCORPIUS	0.1402	0.0000		0
U+2650	♐	Misc Symbols	SAGITTARIUS	0.1338	0.0000		0
U+2651	♑	Misc Symbols	CAPRICORN	0.1229	0.0000		0
U+2652	♒	Misc Symbols	AQUARIUS	0.0832	0.0000		0
U+2653	♓	Misc Symbols	PISCES	0.1450	0.0000		0
U+2654	♔	Misc Symbols	WHITE CHESS KING	0.1152	0.0000		0
U+2655	♕	Misc Symbols	WHITE CHESS QUEEN	0.0930	0.0000		0
U+2656	♖	Misc Symbols	WHITE CHESS ROOK	0.1233	0.0000		0
U+2657	♗	Misc Symbols	WHITE CHESS BISHOP	0.0906	0.0000		0
U+2658	♘	Misc Symbols	WHITE CHESS KNIGHT	0.0498	0.0000		0
U+2659	♙	Misc Symbols	WHITE CHESS PAWN	0.0960	0.0000		0
U+265A	♚	Misc Symbols	BLACK CHESS KING	0.1814	0.0000		0
U+265B	♛	Misc Symbols	BLACK CHESS QUEEN	0.1882	0.0000		0
U+265C	♜	Misc Symbols	BLACK CHESS ROOK	0.2240	0.0000		0
U+265D	♝	Misc Symbols	BLACK CHESS BISHOP	0.1436	0.0000		0
U+265E	♞	Misc Symbols	BLACK CHESS KNIGHT	0.2523	0.0000		0
U+265F	♟	Misc Symbols	BLACK CHESS PAWN	0.2252	0.0000		0
U+2660	♠	Misc Symbols	BLACK SPADE SUIT	0.2064	0.0000		0
U+2661	♡	Misc Symbols	WHITE HEART SUIT	0.0518	0.0021		0
U+2662	♢	Misc Symbols	WHITE DIAMOND SUIT	0.0383	0.0000		0
U+2663	♣	Misc Symbols	BLACK CLUB SUIT	0.2419	0.0000		0
U+2664	♤	Misc Symbols	WHITE SPADE SUIT	0.0503	0.0000		0
U+2665	♥	Misc Symbols	BLACK HEART SUIT	0.3006	0.0006		0
U+2666	♦	Misc Symbols	BLACK DIAMOND SUIT	0.1863	0.0000		0
U+2667	♧	Misc Symbols	WHITE CLUB SUIT	0.0641	0.0000		0
U+2668	♨	Misc Symbols	HOT SPRINGS	0.0654	0.0000		0
U+2669	♩	Misc Symbols	QUARTER NOTE	0.0674	0.0000		0
U+266A	♪	Misc Symbols	EIGHTH NOTE	0.0996	0.0000		0
U+266B	♫	Misc Symbols	BEAMED EIGHTH NOTES	0.1544	0.0000		0
U+266C	♬	Misc Symbols	BEAMED SIXTEENTH NOTES	0.1792	0.0044		0
U+266D	♭	Misc Symbols	MUSIC FLAT SIGN	0.0643	0.0000		0
U+266E	♮	Misc Symbols	MUSIC NATURAL SIGN	0.0580	0.0000		0
U+266F	♯	Misc Symbols	MUSIC SHARP SIGN	0.0853	0.0000		0
U+2670	♰	Misc Symbols	WEST SYRIAC CROSS	0.1242	0.0000		0
U+2671	♱	Misc Symbols	EAST SYRIAC CROSS	0.1052	0.0000		0
U+2672	♲	Misc Symbols	UNIVERSAL RECYCLING SYMBOL	0.0712	0.0000		0
U+2673	♳	Misc Symbols	RECYCLING SYMBOL FOR TYPE-1 PLASTICS	0.1239	0.0000		0
U+2674	♴	Misc Symbols	RECYCLING SYMBOL FOR TYPE-2 PLASTICS	0.1218	0.0000		0
U+2675	♵	Misc Symbols	RECYCLING SYMBOL FOR TYPE-3 PLASTICS	0.1264	0.0000		0
U+2676	♶	Misc Symbols	RECYCLING SYMBOL FOR TYPE-4 PLASTICS	0.1463	0.0000		0
U+2677	♷	Misc Symbols	RECYCLING SYMBOL FOR TYPE-5 PLASTICS	0.1299	0.0000		0
U+2678	♸	Misc Symbols	RECYCLING SYMBOL FOR TYPE-6 PLASTICS	0.1250	0.0000		0
U+2679	♹	Misc Symbols	RECYCLING SYMBOL FOR TYPE-7 PLASTICS	0.1291	0.0000		0
U+267A	♺	Misc Symbols	RECYCLING SYMBOL FOR GENERIC MATERIALS	0.1064	0.0000		0
U+267B	♻	Misc Symbols	BLACK UNIVERSAL RECYCLING SYMBOL	0.1732	0.0000		0
U+267C	♼	Misc Symbols	RECYCLED PAPER SYMBOL	0.2043	0.0000		0
U+267D	♽	Misc Symbols	PARTIALLY-RECYCLED PAPER SYMBOL	0.1515	0.0000		0
U+267E	♾	Misc Symbols	PERMANENT PAPER SIGN	0.0868	0.0000		0
U+267F	♿	Misc Symbols	WHEELCHAIR SYMBOL	0.1424	0.0000		0
U+2680	⚀	Misc Symbols	DIE FACE-1	0.1675	0.0000		0
U+2681	⚁	Misc Symbols	DIE FACE-2	0.1780	0.0000		0
U+2682	⚂	Misc Symbols	DIE FACE-3	0.1886	0.0000		0
U+2683	⚃	Misc Symbols	DIE FACE-4	0.1991	0.0000		0
U+2684	⚄	Misc Symbols	DIE FACE-5	0.2097	0.0000		0
U+2685	⚅	Misc Symbols	DIE FACE-6	0.2202	0.0000		0
U+2686	⚆	Misc Symbols	WHITE CIRCLE WITH DOT RIGHT	0.0790	0.0000		0
U+2687	⚇	Misc Symbols	WHITE CIRCLE WITH TWO DOTS	0.0877	0.0000		0
U+2688	⚈	Misc Symbols	BLACK CIRCLE WITH WHITE DOT RIGHT	0.3141	0.0000		0
U+2689	⚉	Misc Symbols	BLACK CIRCLE WITH TWO WHITE DOTS	0.3048	0.0000		0
U+268A	⚊	Misc Symbols	MONOGRAM FOR YANG	0.0492	0.0000		0
U+268B	⚋	Misc Symbols	MONOGRAM FOR YIN	0.0400	0.0000		0
U+2690	⚐	Misc Symbols	WHITE FLAG	0.0723	0.0000		0
U+2691	⚑	Misc Symbols	BLACK FLAG	0.2265	0.0000		0
U+2692	⚒	Misc Symbols	HAMMER AND PICK	0.1502	0.0000		0
U+2693	⚓	Misc Symbols	ANCHOR	0.1292	0.0000		0
U+2694	⚔	Misc Symbols	CROSSED SWORDS	0.0739	0.0000		0
U+2695	⚕	Misc Symbols	STAFF OF AESCULAPIUS	0.1120	0.0000		0
U+2696	⚖	Misc Symbols	SCALES	0.1389	0.0000		0
U+2697	⚗	Misc Symbols	ALEMBIC	0.1534	0.0000		0
U+2698	⚘	Misc Symbols	FLOWER	0.1333	0.0000		0
U+2699	⚙	Misc Symbols	GEAR	0.1950	0.0000		0
U+269A	⚚	Misc Symbols	STAFF OF HERMES	0.0606	0.0000		0
U+269B	⚛	Misc Symbols	ATOM SYMBOL	0.0909	0.0000		0
U+269C	⚜	Misc Symbols	FLEUR-DE-LIS	0.1365	0.0000		0
U+26A0	⚠	Misc Symbols	WARNING SIGN	0.0797	0.0000		0
U+26A1	⚡	Misc Symbols	HIGH VOLTAGE SIGN	0.0755	0.0000		0
U+26B0	⚰	Misc Symbols	COFFIN	0.2679	0.0000		0
U+26B1	⚱	Misc Symbols	FUNERAL URN	0.2170	0.0000		0
U+2701	✁	Dingbats	UPPER BLADE SCISSORS	0.0605	0.0000		0
U+2702	✂	Dingbats	BLACK SCISSORS	0.0789	0.0000		0
U+2703	✃	Dingbats	LOWER BLADE SCISSORS	0.0579	0.0000		0
U+2704	✄	Dingbats	WHITE SCISSORS	0.0704	0.0000		0
U+2706	✆	Dingbats	TELEPHONE LOCATION SIGN	0.1227	0.0000		0
U+2707	✇	Dingbats	TAPE DRIVE	0.1433	0.0000		0
U+2708	✈	Dingbats	AIRPLANE	0.1020	0.0000		0
U+2709	✉	Dingbats	ENVELOPE	0.1490	0.0000		0
U+270C	✌	Dingbats	VICTORY HAND	0.0832	0.0000		0
U+270D	✍	Dingbats	WRITING HAND	0.0834	0.0000		0
U+270E	✎	Dingbats	LOWER RIGHT PENCIL	0.1102	0.0000		0
U+270F	✏	Dingbats	PENCIL	0.0812	0.0000		0
U+2710	✐	Dingbats	UPPER RIGHT PENCIL	0.1101	0.0000		0
U+2711	✑	Dingbats	WHITE NIB	0.0777	0.0000		0
U+2712	✒	Dingbats	BLACK NIB	0.1188	0.0000		0
U+2713	✓	Dingbats	CHECK MARK	0.0713	0.0000		0
U+2714	✔	Dingbats	HEAVY CHECK MARK	0.1220	0.0000		0
U+2715	✕	Dingbats	MULTIPLICATION X	0.1173	0.0000		0
U+2716	✖	Dingbats	HEAVY MULTIPLICATION X	0.2074	0.0000		0
U+2717	✗	Dingbats	BALLOT X	0.1354	0.0000		0
U+2718	✘	Dingbats	HEAVY BALLOT X	0.2319	0.0000		0
U+2719	✙	Dingbats	OUTLINED GREEK CROSS	0.1542	0.0000		0
U+271A	✚	Dingbats	HEAVY GREEK CROSS	0.1611	0.0000		0
U+271B	✛	Dingbats	OPEN CENTRE CROSS	0.1085	0.0000		0
U+271C	✜	Dingbats	HEAVY OPEN CENTRE CROSS	0.1624	0.0000		0
U+271D	✝	Dingbats	LATIN CROSS	0.1346	0.0000		0
U+271E	✞	Dingbats	SHADOWED WHITE LATIN CROSS	0.1593	0.0000		0
U+271F	✟	Dingbats	OUTLINED LATIN CROSS	0.1697	0.0000		0
U+2720	✠	Dingbats	MALTESE CROSS	0.1969	0.0000		0
U+2721	✡	Dingbats	STAR OF DAVID	0.1337	0.0000		0
U+2722	✢	Dingbats	FOUR TEARDROP-SPOKED ASTERISK	0.1190	0.0000		0
U+2723	✣	Dingbats	FOUR BALLOON-SPOKED ASTERISK	0.1396	0.0000		0
U+2724	✤	Dingbats	HEAVY FOUR BALLOON-SPOKED ASTERISK	0.1944	0.0000		0
U+2725	✥	Dingbats	FOUR CLUB-SPOKED ASTERISK	0.1761	0.0000		0
U+2726	✦	Dingbats	BLACK FOUR POINTED STAR	0.0928	0.0000		0
U+2727	✧	Dingbats	WHITE FOUR POINTED STAR	0.0548	0.0000		0
U+2729	✩	Dingbats	STRESS OUTLINED WHITE STAR	0.0657	0.0000		0
U+272A	✪	Dingbats	CIRCLED WHITE STAR	0.1947	0.0000		0
U+272B	✫	Dingbats	OPEN CENTRE BLACK STAR	0.0792	0.0000		0
U+272C	✬	Dingbats	BLACK CENTRE WHITE STAR	0.1202	0.0000		0
U+272D	✭	Dingbats	OUTLINED BLACK STAR	0.0906	0.0000		0
U+272E	✮	Dingbats	HEAVY OUTLINED BLACK STAR	0.0826	0.0000		0
U+272F	✯	Dingbats	PINWHEEL STAR	0.0948	0.0000		0
U+2730	✰	Dingbats	SHADOWED WHITE STAR	0.0883	0.0000		0
U+2731	✱	Dingbats	HEAVY ASTERISK	0.2229	0.0000		0
U+2732	✲	Dingbats	OPEN CENTRE ASTERISK	0.1394	0.0000		0
U+2733	✳	Dingbats	EIGHT SPOKED ASTERISK	0.1019	0.0000		0
U+2734	✴	Dingbats	EIGHT POINTED BLACK STAR	0.0883	0.0000		0
U+2735	✵	Dingbats	EIGHT POINTED PINWHEEL STAR	0.1312	0.0000		0
U+2736	✶	Dingbats	SIX POINTED BLACK STAR	0.1185	0.0000		0
U+2737	✷	Dingbats	EIGHT POINTED RECTILINEAR BLACK STAR	0.1277	0.0000		0
U+2738	✸	Dingbats	HEAVY EIGHT POINTED RECTILINEAR BLACK STAR	0.1952	0.0000		0
U+2739	✹	Dingbats	TWELVE POINTED BLACK STAR	0.1932	0.0000		0
U+273A	✺	Dingbats	SIXTEEN POINTED ASTERISK	0.2123	0.0000		0
U+273B	✻	Dingbats	TEARDROP-SPOKED ASTERISK	0.1981	0.0000		0
U+273C	✼	Dingbats	OPEN CENTRE TEARDROP-SPOKED ASTERISK	0.1880	0.0000		0
U+273D	✽	Dingbats	HEAVY TEARDROP-SPOKED ASTERISK	0.2601	0.0000		0
U+273E	✾	Dingbats	SIX PETALLED BLACK AND WHITE FLORETTE	0.2249	0.0000		0
U+273F	✿	Dingbats	BLACK FLORETTE	0.2057	0.0000		0
U+2740	❀	Dingbats	WHITE FLORETTE	0.1963	0.0000		0
U+2741	❁	Dingbats	EIGHT PETALLED OUTLINED BLACK FLORETTE	0.1937	0.0000		0
U+2742	❂	Dingbats	CIRCLED OPEN CENTRE EIGHT POINTED STAR	0.2065	0.0000		0
U+2743	❃	Dingbats	HEAVY TEARDROP-SPOKED PINWHEEL ASTERISK	0.2385	0.0000		0
U+2744	❄	Dingbats	SNOWFLAKE	0.1950	0.0000		0
U+2745	❅	Dingbats	TIGHT TRIFOLIATE SNOWFLAKE	0.1855	0.0000		0
U+2746	❆	Dingbats	HEAVY CHEVRON SNOWFLAKE	0.2163	0.0000		0
U+2747	❇	Dingbats	SPARKLE	0.2053	0.0000		0
U+2748	❈	Dingbats	HEAVY SPARKLE	0.1258	0.0000		0
U+2749	❉	Dingbats	BALLOON-SPOKED ASTERISK	0.1636	0.0000		0
U+274A	❊	Dingbats	EIGHT TEARDROP-SPOKED PROPELLER ASTERISK	0.1313	0.0000		0
U+274B	❋	Dingbats	HEAVY EIGHT TEARDROP-SPOKED PROPELLER ASTERISK	0.1620	0.0000		0
U+274D	❍	Dingbats	SHADOWED WHITE CIRCLE	0.0849	0.0000		0
U+274F	❏	Dingbats	LOWER RIGHT DROP-SHADOWED WHITE SQUARE	0.1140	0.0000		0
U+2750	❐	Dingbats	UPPER RIGHT DROP-SHADOWED WHITE SQUARE	0.1174	0.0000		0
U+2751	❑	Dingbats	LOWER RIGHT SHADOWED WHITE SQUARE	0.1206	0.0000		0
U+2752	❒	Dingbats	UPPER RIGHT SHADOWED WHITE SQUARE	0.1247	0.0000		0
U+2756	❖	Dingbats	BLACK DIAMOND MINUS WHITE X	0.1726	0.0000		0
U+2758	❘	Dingbats	LIGHT VERTICAL BAR	0.0835	0.0000		0
U+2759	❙	Dingbats	MEDIUM VERTICAL BAR	0.1660	0.0000		0
U+275A	❚	Dingbats	HEAVY VERTICAL BAR	0.3021	0.0000		0
U+275B	❛	Dingbats	HEAVY SINGLE TURNED COMMA QUOTATION MARK ORNAMENT	0.0350	0.0000		0
U+275C	❜	Dingbats	HEAVY SINGLE COMMA QUOTATION MARK ORNAMENT	0.0365	0.0000		0
U+275D	❝	Dingbats	HEAVY DOUBLE TURNED COMMA QUOTATION MARK ORNAMENT	0.0700	0.0000		0
U+275E	❞	Dingbats	HEAVY DOUBLE COMMA QUOTATION MARK ORNAMENT	0.0730	0.0000		0
U+2761	❡	Dingbats	CURVED STEM PARAGRAPH SIGN ORNAMENT	0.2043	0.0000		0
U+2762	❢	Dingbats	HEAVY EXCLAMATION MARK ORNAMENT	0.1598	0.0000		0
U+2763	❣	Dingbats	HEAVY HEART EXCLAMATION MARK ORNAMENT	0.1713	0.0000		0
U+2764	❤	Dingbats	HEAVY BLACK HEART	0.2100	0.0000		0
U+2765	❥	Dingbats	ROTATED HEAVY BLACK HEART BULLET	0.2606	0.0000		0
U+2766	❦	Dingbats	FLORAL HEART	0.1839	0.0000		0
U+2767	❧	Dingbats	ROTATED FLORAL HEART BULLET	0.1135	0.0000		0
U+2768	❨	Dingbats	MEDIUM LEFT PARENTHESIS ORNAMENT	0.1218	0.0000		0
U+2769	❩	Dingbats	MEDIUM RIGHT PARENTHESIS ORNAMENT	0.1220	0.0000		0
U+276A	❪	Dingbats	MEDIUM FLATTENED LEFT PARENTHESIS ORNAMENT	0.1373	0.0000		0
U+276B	❫	Dingbats	MEDIUM FLATTENED RIGHT PARENTHESIS ORNAMENT	0.1296	0.0000		0
U+276C	❬	Dingbats	MEDIUM LEFT-POINTING ANGLE BRACKET ORNAMENT	0.1014	0.0000		0
U+276D	❭	Dingbats	MEDIUM RIGHT-POINTING ANGLE BRACKET ORNAMENT	0.1016	0.0000		0
U+276E	❮	Dingbats	HEAVY LEFT-POINTING ANGLE QUOTATION MARK ORNAMENT	0.1555	0.0000		0
U+276F	❯	Dingbats	HEAVY RIGHT-POINTING ANGLE QUOTATION MARK ORNAMENT	0.1555	0.0000		0
U+2770	❰	Dingbats	HEAVY LEFT-POINTING ANGLE BRACKET ORNAMENT	0.2155	0.0000		0
U+2771	❱	Dingbats	HEAVY RIGHT-POINTING ANGLE BRACKET ORNAMENT	0.2161	0.0000		0
U+2772	❲	Dingbats	LIGHT LEFT TORTOISE SHELL BRACKET ORNAMENT	0.0694	0.0000		0
U+2773	❳	Dingbats	LIGHT RIGHT TORTOISE SHELL BRACKET ORNAMENT	0.0698	0.0000		0
U+2774	❴	Dingbats	MEDIUM LEFT CURLY BRACKET ORNAMENT	0.1497	0.0000		0
U+2775	❵	Dingbats	MEDIUM RIGHT CURLY BRACKET ORNAMENT	0.1654	0.0000		0
U+2794	➔	Dingbats	HEAVY WIDE-HEADED RIGHTWARDS ARROW	0.0935	0.0000		0
U+2798	➘	Dingbats	HEAVY SOUTH EAST ARROW	0.0968	0.0000		0
U+2799	➙	Dingbats	HEAVY RIGHTWARDS ARROW	0.0639	0.0000		0
U+279A	➚	Dingbats	HEAVY NORTH EAST ARROW	0.0968	0.0000		0
U+279B	➛	Dingbats	DRAFTING POINT RIGHTWARDS ARROW	0.0569	0.0000		0
U+279C	➜	Dingbats	HEAVY ROUND-TIPPED RIGHTWARDS ARROW	0.1058	0.0000		0
U+279D	➝	Dingbats	TRIANGLE-HEADED RIGHTWARDS ARROW	0.0443	0.0000		0
U+279E	➞	Dingbats	HEAVY TRIANGLE-HEADED RIGHTWARDS ARROW	0.0791	0.0000		0
U+279F	➟	Dingbats	DASHED TRIANGLE-HEADED RIGHTWARDS ARROW	0.0937	0.0000		0
U+27A0	➠	Dingbats	HEAVY DASHED TRIANGLE-HEADED RIGHTWARDS ARROW	0.1053	0.0000		0
U+27A1	➡	Dingbats	BLACK RIGHTWARDS ARROW	0.0991	0.0000		0
U+27A2	➢	Dingbats	THREE-D TOP-LIGHTED RIGHTWARDS ARROWHEAD	0.0621	0.0000		0
U+27A3	➣	Dingbats	THREE-D BOTTOM-LIGHTED RIGHTWARDS ARROWHEAD	0.0559	0.0000		0
U+27A4	➤	Dingbats	BLACK RIGHTWARDS ARROWHEAD	0.1091	0.0000		0
U+27A5	➥	Dingbats	HEAVY BLACK CURVED DOWNWARDS AND RIGHTWARDS ARROW	0.1263	0.0000		0
U+27A6	➦	Dingbats	HEAVY BLACK CURVED UPWARDS AND RIGHTWARDS ARROW	0.1262	0.0000		0
U+27A7	➧	Dingbats	SQUAT BLACK RIGHTWARDS ARROW	0.0846	0.0000		0
U+27A8	➨	Dingbats	HEAVY CONCAVE-POINTED BLACK RIGHTWARDS ARROW	0.1252	0.0000		0
U+27A9	➩	Dingbats	RIGHT-SHADED WHITE RIGHTWARDS ARROW	0.0695	0.0000		0
U+27AA	➪	Dingbats	LEFT-SHADED WHITE RIGHTWARDS ARROW	0.0696	0.0000		0
U+27AB	➫	Dingbats	BACK-TILTED SHADOWED WHITE RIGHTWARDS ARROW	0.1067	0.0000		0
U+27AC	➬	Dingbats	FRONT-TILTED SHADOWED WHITE RIGHTWARDS ARROW	0.0851	0.0000		0
U+27AD	➭	Dingbats	HEAVY LOWER RIGHT-SHADOWED WHITE RIGHTWARDS ARROW	0.1001	0.0000		0
U+27AE	➮	Dingbats	HEAVY UPPER RIGHT-SHADOWED WHITE RIGHTWARDS ARROW	0.1175	0.0000		0
U+27AF	➯	Dingbats	NOTCHED LOWER RIGHT-SHADOWED WHITE RIGHTWARDS ARROW	0.0878	0.0000		0
U+27B1	➱	Dingbats	NOTCHED UPPER RIGHT-SHADOWED WHITE RIGHTWARDS ARROW	0.0904	0.0000		0
U+27B2	➲	Dingbats	CIRCLED HEAVY WHITE RIGHTWARDS ARROW	0.1255	0.0000		0
U+27B3	➳	Dingbats	WHITE-FEATHERED RIGHTWARDS ARROW	0.0601	0.0000		0
U+27B4	➴	Dingbats	BLACK-FEATHERED SOUTH EAST ARROW	0.0747	0.0000		0
U+27B5	➵	Dingbats	BLACK-FEATHERED RIGHTWARDS ARROW	0.0576	0.0000		0
U+27B6	➶	Dingbats	BLACK-FEATHERED NORTH EAST ARROW	0.0750	0.0000		0
U+27B7	➷	Dingbats	HEAVY BLACK-FEATHERED SOUTH EAST ARROW	0.0977	0.0000		0
U+27B8	➸	Dingbats	HEAVY BLACK-FEATHERED RIGHTWARDS ARROW	0.0753	0.0000		0
U+27B9	➹	Dingbats	HEAVY BLACK-FEATHERED NORTH EAST ARROW	0.0840	0.0000		0
U+27BA	➺	Dingbats	TEARDROP-BARBED RIGHTWARDS ARROW	0.0861	0.0000		0
U+27BB	➻	Dingbats	HEAVY TEARDROP-SHANKED RIGHTWARDS ARROW	0.0853	0.0000		0
U+27BC	➼	Dingbats	WEDGE-TAILED RIGHTWARDS ARROW	0.1189	0.0000		0
U+27BD	➽	Dingbats	HEAVY WEDGE-TAILED RIGHTWARDS ARROW	0.1586	0.0000		0
U+27BE	➾	Dingbats	OPEN-OUTLINED RIGHTWARDS ARROW	0.0645	0.0000		0
U+27C2	⟂	Arrows/Math Ext	PERPENDICULAR	0.1171	0.0000	U+22A5	0
U+27C5	⟅	Arrows/Math Ext	LEFT S-SHAPED BAG DELIMITER	0.1280	0.0000		0
U+27C6	⟆	Arrows/Math Ext	RIGHT S-SHAPED BAG DELIMITER	0.1278	0.0000		0
U+27DC	⟜	Arrows/Math Ext	LEFT MULTIMAP	0.0962	0.0000		0
U+27E0	⟠	Arrows/Math Ext	LOZENGE DIVIDED BY HORIZONTAL RULE	0.1643	0.0000		0
U+27E6	⟦	Arrows/Math Ext	MATHEMATICAL LEFT WHITE SQUARE BRACKET	0.1446	0.0000		0
U+27E7	⟧	Arrows/Math Ext	MATHEMATICAL RIGHT WHITE SQUARE BRACKET	0.1462	0.0000		0
U+27E8	⟨	Arrows/Math Ext	MATHEMATICAL LEFT ANGLE BRACKET	0.0988	0.0000		0
U+27E9	⟩	Arrows/Math Ext	MATHEMATICAL RIGHT ANGLE BRACKET	0.0988	0.0000		0
U+27EA	⟪	Arrows/Math Ext	MATHEMATICAL LEFT DOUBLE ANGLE BRACKET	0.1976	0.0000		0
U+27EB	⟫	Arrows/Math Ext	MATHEMATICAL RIGHT DOUBLE ANGLE BRACKET	0.1976	0.0000		0
U+27F5	⟵	Arrows/Math Ext	LONG LEFTWARDS ARROW	0.0863	0.1226		0
U+27F6	⟶	Arrows/Math Ext	LONG RIGHTWARDS ARROW	0.0856	0.1313		0
U+27F7	⟷	Arrows/Math Ext	LONG LEFT RIGHT ARROW	0.1079	0.1108		0
U+2987	⦇	Arrows/Math Ext	Z NOTATION LEFT IMAGE BRACKET	0.1569	0.0000		0
U+2988	⦈	Arrows/Math Ext	Z NOTATION RIGHT IMAGE BRACKET	0.1570	0.0000		0
U+2997	⦗	Arrows/Math Ext	LEFT BLACK TORTOISE SHELL BRACKET	0.1528	0.0000		0
U+2998	⦘	Arrows/Math Ext	RIGHT BLACK TORTOISE SHELL BRACKET	0.1534	0.0000		0
U+29EB	⧫	Arrows/Math Ext	BLACK LOZENGE	0.3400	0.0000		0
U+29FA	⧺	Arrows/Math Ext	DOUBLE PLUS	0.1528	0.0000		0
U+29FB	⧻	Arrows/Math Ext	TRIPLE PLUS	0.2010	0.0000		0
U+2A00	⨀	Arrows/Math Ext	N-ARY CIRCLED DOT OPERATOR	0.2322	0.0000		0
U+2A2F	⨯	Arrows/Math Ext	VECTOR OR CROSS PRODUCT	0.1102	0.0000	U+00D7	0
U+2A6A	⩪	Arrows/Math Ext	TILDE OPERATOR WITH DOT ABOVE	0.0814	0.0000		0
U+2A6B	⩫	Arrows/Math Ext	TILDE OPERATOR WITH RISING DOTS	0.1058	0.0000		0
U+2B05	⬅	Arrows/Math Ext	LEFTWARDS BLACK ARROW	0.0991	0.0000		0
U+2B06	⬆	Arrows/Math Ext	UPWARDS BLACK ARROW	0.0996	0.0000		0
U+2B07	⬇	Arrows/Math Ext	DOWNWARDS BLACK ARROW	0.0996	0.0000		0
U+2B08	⬈	Arrows/Math Ext	NORTH EAST BLACK ARROW	0.0995	0.0000		0
U+2B09	⬉	Arrows/Math Ext	NORTH WEST BLACK ARROW	0.0995	0.0000		0
U+2B0A	⬊	Arrows/Math Ext	SOUTH EAST BLACK ARROW	0.0994	0.0000		0
U+2B0B	⬋	Arrows/Math Ext	SOUTH WEST BLACK ARROW	0.0995	0.0000		0
U+2B0C	⬌	Arrows/Math Ext	LEFT RIGHT BLACK ARROW	0.1019	0.0000		0
U+2B0D	⬍	Arrows/Math Ext	UP DOWN BLACK ARROW	0.1023	0.0000		0
U+2B12	⬒	Arrows/Math Ext	SQUARE WITH TOP HALF BLACK	0.3137	0.0160		0
U+2B13	⬓	Arrows/Math Ext	SQUARE WITH BOTTOM HALF BLACK	0.3140	0.0160		0
U+2B14	⬔	Arrows/Math Ext	SQUARE WITH UPPER RIGHT DIAGONAL HALF BLACK	0.3139	0.0160		0
U+2B15	⬕	Arrows/Math Ext	SQUARE WITH LOWER LEFT DIAGONAL HALF BLACK	0.3138	0.0160		0
U+2B16	⬖	Arrows/Math Ext	DIAMOND WITH LEFT HALF BLACK	0.1709	0.0003		0
U+2B17	⬗	Arrows/Math Ext	DIAMOND WITH RIGHT HALF BLACK	0.1709	0.0003		0
U+2B18	⬘	Arrows/Math Ext	DIAMOND WITH TOP HALF BLACK	0.1708	0.0003		0
U+2B19	⬙	Arrows/Math Ext	DIAMOND WITH BOTTOM HALF BLACK	0.1710	0.0003		0
U+2B1A	⬚	Arrows/Math Ext	DOTTED SQUARE	0.0910	0.0333		0
U+2C64	Ɽ	Other	LATIN CAPITAL LETTER R WITH TAIL	0.2769	0.0004		0
U+2C6D	Ɑ	Other	LATIN CAPITAL LETTER ALPHA	0.2398	0.0000		0
U+2C6E	Ɱ	Other	LATIN CAPITAL LETTER M WITH HOOK	0.2969	0.0000		0
U+2C6F	Ɐ	Other	LATIN CAPITAL LETTER TURNED A	0.2047	0.0000		0
U+2C70	Ɒ	Other	LATIN CAPITAL LETTER TURNED ALPHA	0.2400	0.0000		0
U+2C75	Ⱶ	Other	LATIN CAPITAL LETTER HALF H	0.1378	0.0000		0
U+2C76	ⱶ	Other	LATIN SMALL LETTER HALF H	0.0979	0.0000		0
U+2C77	ⱷ	Other	LATIN SMALL LETTER TAILLESS PHI	0.2200	0.0000		0
U+2C79	ⱹ	Other	LATIN SMALL LETTER TURNED R WITH TAIL	0.1400	0.0000		0
U+2C7A	ⱺ	Other	LATIN SMALL LETTER O WITH LOW RING INSIDE	0.2048	0.0000		0
U+2C7C	ⱼ	Other	LATIN SUBSCRIPT SMALL LETTER J	0.0391	0.0000		0
U+2C7D	ⱽ	Other	MODIFIER LETTER CAPITAL V	0.0628	0.0000		0
U+2C7E	Ȿ	Other	LATIN CAPITAL LETTER S WITH SWASH TAIL	0.2327	0.0000		0
U+2C7F	Ɀ	Other	LATIN CAPITAL LETTER Z WITH SWASH TAIL	0.1997	0.0000		0
U+2E18	⸘	Other	INVERTED INTERROBANG	0.1508	0.0000		0
U+2E1F	⸟	Other	TILDE WITH DOT BELOW	0.0814	0.0000		0
U+2E22	⸢	Other	TOP LEFT HALF BRACKET	0.0539	0.0000		0
U+2E23	⸣	Other	TOP RIGHT HALF BRACKET	0.0541	0.0000		0
U+2E24	⸤	Other	BOTTOM LEFT HALF BRACKET	0.0539	0.0000		0
U+2E25	⸥	Other	BOTTOM RIGHT HALF BRACKET	0.0541	0.0000		0
U+2E2E	⸮	Other	REVERSED QUESTION MARK	0.1174	0.0000	U+061F	0
U+A708	꜈	Other	MODIFIER LETTER EXTRA-HIGH DOTTED TONE BAR	0.0670	0.0000		0
U+A709	꜉	Other	MODIFIER LETTER HIGH DOTTED TONE BAR	0.0670	0.0000		0
U+A70A	꜊	Other	MODIFIER LETTER MID DOTTED TONE BAR	0.0671	0.0000		0
U+A70B	꜋	Other	MODIFIER LETTER LOW DOTTED TONE BAR	0.0671	0.0000		0
U+A70C	꜌	Other	MODIFIER LETTER EXTRA-LOW DOTTED TONE BAR	0.0671	0.0000		0
U+A70D	꜍	Other	MODIFIER LETTER EXTRA-HIGH DOTTED LEFT-STEM TONE BAR	0.0670	0.0000		0
U+A70E	꜎	Other	MODIFIER LETTER HIGH DOTTED LEFT-STEM TONE BAR	0.0670	0.0000		0
U+A70F	꜏	Other	MODIFIER LETTER MID DOTTED LEFT-STEM TONE BAR	0.0671	0.0000		0
U+A710	꜐	Other	MODIFIER LETTER LOW DOTTED LEFT-STEM TONE BAR	0.0671	0.0000		0
U+A711	꜑	Other	MODIFIER LETTER EXTRA-LOW DOTTED LEFT-STEM TONE BAR	0.0671	0.0000		0
U+A712	꜒	Other	MODIFIER LETTER EXTRA-HIGH LEFT-STEM TONE BAR	0.0811	0.0000		0
U+A713	꜓	Other	MODIFIER LETTER HIGH LEFT-STEM TONE BAR	0.0812	0.0000		0
U+A714	꜔	Other	MODIFIER LETTER MID LEFT-STEM TONE BAR	0.0814	0.0000		0
U+A715	꜕	Other	MODIFIER LETTER LOW LEFT-STEM TONE BAR	0.0814	0.0000		0
U+A716	꜖	Other	MODIFIER LETTER EXTRA-LOW LEFT-STEM TONE BAR	0.0813	0.0000		0
U+A71B	ꜛ	Other	MODIFIER LETTER RAISED UP ARROW	0.0442	0.0000		0
U+A71C	ꜜ	Other	MODIFIER LETTER RAISED DOWN ARROW	0.0443	0.0000		0
U+A71D	ꜝ	Other	MODIFIER LETTER RAISED EXCLAMATION MARK	0.0282	0.0000		0
U+A71E	ꜞ	Other	MODIFIER LETTER RAISED INVERTED EXCLAMATION MARK	0.0282	0.0000		0
U+A71F	ꜟ	Other	MODIFIER LETTER LOW INVERTED EXCLAMATION MARK	0.0282	0.0000		0
U+A722	Ꜣ	Other	LATIN CAPITAL LETTER EGYPTOLOGICAL ALEF	0.1357	0.0000		0
U+A723	ꜣ	Other	LATIN SMALL LETTER EGYPTOLOGICAL ALEF	0.1026	0.0000		0
U+A724	Ꜥ	Other	LATIN CAPITAL LETTER EGYPTOLOGICAL AIN	0.0897	0.0000		0
U+A725	ꜥ	Other	LATIN SMALL LETTER EGYPTOLOGICAL AIN	0.0850	0.0000		0
U+A726	Ꜧ	Other	LATIN CAPITAL LETTER HENG	0.2634	0.0000		0
U+A727	ꜧ	Other	LATIN SMALL LETTER HENG	0.2166	0.0000		0
U+A789	꞉	Other	MODIFIER LETTER COLON	0.0488	0.0000	U+003A	0
U+A78A	꞊	Other	MODIFIER LETTER SHORT EQUALS SIGN	0.0429	0.0000		0
U+A78B	Ꞌ	Other	LATIN CAPITAL LETTER SALTILLO	0.0635	0.0000		0
U+A78C	ꞌ	Other	LATIN SMALL LETTER SALTILLO	0.0294	0.0000	U+0027	0
U+A78D	Ɥ	Other	LATIN CAPITAL LETTER TURNED H	0.1788	0.0000	U+0427	0
U+A78E	ꞎ	Other	LATIN SMALL LETTER L WITH RETROFLEX HOOK AND BELT	0.1924	0.0000		0
U+A790	Ꞑ	Other	LATIN CAPITAL LETTER N WITH DESCENDER	0.2830	0.0000		0
U+A791	ꞑ	Other	LATIN SMALL LETTER N WITH DESCENDER	0.1737	0.0000		0
U+A7AA	Ɦ	Other	LATIN CAPITAL LETTER H WITH HOOK	0.2437	0.0000		0
U+A7F8	ꟸ	Other	MODIFIER LETTER CAPITAL H WITH STROKE	0.0944	0.0000		0
U+A7F9	ꟹ	Other	MODIFIER LETTER SMALL LIGATURE OE	0.1107	0.0000		0
U+F6C5		PUA	U+F6C5	0.2253	0.0000		0
U+FB01	ﬁ	Ligatures	LATIN SMALL LIGATURE FI	0.2190	0.0000		0
U+FB02	ﬂ	Ligatures	LATIN SMALL LIGATURE FL	0.2293	0.0000		0
U+FB52	ﭒ	Other	ARABIC LETTER BEEH ISOLATED FORM	0.1071	0.0000		0
U+FB53	ﭓ	Other	ARABIC LETTER BEEH FINAL FORM	0.1132	0.0200		0
U+FB54	ﭔ	Other	ARABIC LETTER BEEH INITIAL FORM	0.0748	0.0156		0
U+FB55	ﭕ	Other	ARABIC LETTER BEEH MEDIAL FORM	0.1103	0.0306		0
U+FB56	ﭖ	Other	ARABIC LETTER PEH ISOLATED FORM	0.1144	0.0000		0
U+FB57	ﭗ	Other	ARABIC LETTER PEH FINAL FORM	0.1205	0.0188		0
U+FB58	ﭘ	Other	ARABIC LETTER PEH INITIAL FORM	0.0820	0.0142		0
U+FB59	ﭙ	Other	ARABIC LETTER PEH MEDIAL FORM	0.1176	0.0288		0
U+FB5A	ﭚ	Other	ARABIC LETTER BEHEH ISOLATED FORM	0.1216	0.0000		0
U+FB5B	ﭛ	Other	ARABIC LETTER BEHEH FINAL FORM	0.1277	0.0177		0
U+FB5C	ﭜ	Other	ARABIC LETTER BEHEH INITIAL FORM	0.0893	0.0131		0
U+FB5D	ﭝ	Other	ARABIC LETTER BEHEH MEDIAL FORM	0.1248	0.0271		0
U+FB5E	ﭞ	Other	ARABIC LETTER TTEHEH ISOLATED FORM	0.1071	0.0000		0
U+FB5F	ﭟ	Other	ARABIC LETTER TTEHEH FINAL FORM	0.1132	0.0200		0
U+FB60	ﭠ	Other	ARABIC LETTER TTEHEH INITIAL FORM	0.0748	0.0156		0
U+FB61	ﭡ	Other	ARABIC LETTER TTEHEH MEDIAL FORM	0.1103	0.0306		0
U+FB62	ﭢ	Other	ARABIC LETTER TEHEH ISOLATED FORM	0.1216	0.0000		0
U+FB63	ﭣ	Other	ARABIC LETTER TEHEH FINAL FORM	0.1277	0.0177		0
U+FB64	ﭤ	Other	ARABIC LETTER TEHEH INITIAL FORM	0.0893	0.0131		0
U+FB65	ﭥ	Other	ARABIC LETTER TEHEH MEDIAL FORM	0.1248	0.0271		0
U+FB66	ﭦ	Other	ARABIC LETTER TTEH ISOLATED FORM	0.1338	0.0000		0
U+FB67	ﭧ	Other	ARABIC LETTER TTEH FINAL FORM	0.1399	0.0162		0
U+FB68	ﭨ	Other	ARABIC LETTER TTEH INITIAL FORM	0.1015	0.0115		0
U+FB69	ﭩ	Other	ARABIC LETTER TTEH MEDIAL FORM	0.1370	0.0248		0
U+FB6A	ﭪ	Other	ARABIC LETTER VEH ISOLATED FORM	0.1944	0.0416		0
U+FB6B	ﭫ	Other	ARABIC LETTER VEH FINAL FORM	0.1787	0.1069		0
U+FB6C	ﭬ	Other	ARABIC LETTER VEH INITIAL FORM	0.1616	0.0073		0
U+FB6D	ﭭ	Other	ARABIC LETTER VEH MEDIAL FORM	0.1687	0.0202		0
U+FB6E	ﭮ	Other	ARABIC LETTER PEHEH ISOLATED FORM	0.2016	0.0402		0
U+FB6F	ﭯ	Other	ARABIC LETTER PEHEH FINAL FORM	0.1860	0.1032		0
U+FB70	ﭰ	Other	ARABIC LETTER PEHEH INITIAL FORM	0.1689	0.0070		0
U+FB71	ﭱ	Other	ARABIC LETTER PEHEH MEDIAL FORM	0.1759	0.0194		0
U+FB72	ﭲ	Other	ARABIC LETTER DYEH ISOLATED FORM	0.1839	0.0000		0
U+FB73	ﭳ	Other	ARABIC LETTER DYEH FINAL FORM	0.2210	0.0155		0
U+FB74	ﭴ	Other	ARABIC LETTER DYEH INITIAL FORM	0.1334	0.0088		0
U+FB75	ﭵ	Other	ARABIC LETTER DYEH MEDIAL FORM	0.1599	0.0296		0
U+FB76	ﭶ	Other	ARABIC LETTER NYEH ISOLATED FORM	0.1839	0.0000		0
U+FB77	ﭷ	Other	ARABIC LETTER NYEH FINAL FORM	0.2210	0.0155		0
U+FB78	ﭸ	Other	ARABIC LETTER NYEH INITIAL FORM	0.1334	0.0088		0
U+FB79	ﭹ	Other	ARABIC LETTER NYEH MEDIAL FORM	0.1599	0.0296		0
U+FB7A	ﭺ	Other	ARABIC LETTER TCHEH ISOLATED FORM	0.1911	0.0000		0
U+FB7B	ﭻ	Other	ARABIC LETTER TCHEH FINAL FORM	0.2282	0.0151		0
U+FB7C	ﭼ	Other	ARABIC LETTER TCHEH INITIAL FORM	0.1406	0.0083		0
U+FB7D	ﭽ	Other	ARABIC LETTER TCHEH MEDIAL FORM	0.1671	0.0284		0
U+FB7E	ﭾ	Other	ARABIC LETTER TCHEHEH ISOLATED FORM	0.1984	0.0000		0
U+FB7F	ﭿ	Other	ARABIC LETTER TCHEHEH FINAL FORM	0.2355	0.0146		0
U+FB80	ﮀ	Other	ARABIC LETTER TCHEHEH INITIAL FORM	0.1479	0.0079		0
U+FB81	ﮁ	Other	ARABIC LETTER TCHEHEH MEDIAL FORM	0.1744	0.0272		0
U+FB8A	ﮊ	Other	ARABIC LETTER JEH ISOLATED FORM	0.1177	0.0253		0
U+FB8B	ﮋ	Other	ARABIC LETTER JEH FINAL FORM	0.1286	0.0833		0
U+FB8C	ﮌ	Other	ARABIC LETTER RREH ISOLATED FORM	0.1371	0.0220		0
U+FB8D	ﮍ	Other	ARABIC LETTER RREH FINAL FORM	0.1480	0.0732		0
U+FB8E	ﮎ	Other	ARABIC LETTER KEHEH ISOLATED FORM	0.1635	0.0615	U+06A9	0
U+FB8F	ﮏ	Other	ARABIC LETTER KEHEH FINAL FORM	0.1645	0.1352		0
U+FB90	ﮐ	Other	ARABIC LETTER KEHEH INITIAL FORM	0.1504	0.0078		0
U+FB91	ﮑ	Other	ARABIC LETTER KEHEH MEDIAL FORM	0.1832	0.0190		0
U+FB92	ﮒ	Other	ARABIC LETTER GAF ISOLATED FORM	0.1936	0.0939		0
U+FB93	ﮓ	Other	ARABIC LETTER GAF FINAL FORM	0.1996	0.1310		0
U+FB94	ﮔ	Other	ARABIC LETTER GAF INITIAL FORM	0.2029	0.0058		0
U+FB95	ﮕ	Other	ARABIC LETTER GAF MEDIAL FORM	0.2358	0.0148		0
U+FB9E	ﮞ	Other	ARABIC LETTER NOON GHUNNA ISOLATED FORM	0.1277	0.0000		0
U+FB9F	ﮟ	Other	ARABIC LETTER NOON GHUNNA FINAL FORM	0.1332	0.0471		0
U+FBAA	ﮪ	Other	ARABIC LETTER HEH DOACHASHMEE ISOLATED FORM	0.1859	0.0000	U+06BE	0
U+FBAB	ﮫ	Other	ARABIC LETTER HEH DOACHASHMEE FINAL FORM	0.1870	0.0162		0
U+FBAC	ﮬ	Other	ARABIC LETTER HEH DOACHASHMEE INITIAL FORM	0.1693	0.0069		0
U+FBAD	ﮭ	Other	ARABIC LETTER HEH DOACHASHMEE MEDIAL FORM	0.1804	0.0230		0
U+FBE8	ﯨ	Other	ARABIC LETTER UIGHUR KAZAKH KIRGHIZ ALEF MAKSURA INITIAL FORM	0.0603	0.0192		0
U+FBE9	ﯩ	Other	ARABIC LETTER UIGHUR KAZAKH KIRGHIZ ALEF MAKSURA MEDIAL FORM	0.0958	0.0351		0
U+FBFC	ﯼ	Other	ARABIC LETTER FARSI YEH ISOLATED FORM	0.1508	0.0018	U+0649	0
U+FBFD	ﯽ	Other	ARABIC LETTER FARSI YEH FINAL FORM	0.1147	0.1310		0
U+FBFE	ﯾ	Other	ARABIC LETTER FARSI YEH INITIAL FORM	0.0748	0.0156		0
U+FBFF	ﯿ	Other	ARABIC LETTER FARSI YEH MEDIAL FORM	0.1103	0.0306		0
U+FE70	ﹰ	Other	ARABIC FATHATAN ISOLATED FORM	0.0411	0.0000		0
U+FE71	ﹱ	Other	ARABIC TATWEEL WITH FATHATAN ABOVE	0.1123	0.0301		0
U+FE72	ﹲ	Other	ARABIC DAMMATAN ISOLATED FORM	0.0486	0.0000		0
U+FE73	ﹳ	Other	ARABIC TAIL FRAGMENT	0.0300	0.0713		0
U+FE74	ﹴ	Other	ARABIC KASRATAN ISOLATED FORM	0.0410	0.0000		0
U+FE76	ﹶ	Other	ARABIC FATHA ISOLATED FORM	0.0205	0.0000		0
U+FE77	ﹷ	Other	ARABIC FATHA MEDIAL FORM	0.0918	0.0366		0
U+FE78	ﹸ	Other	ARABIC DAMMA ISOLATED FORM	0.0440	0.0000		0
U+FE79	ﹹ	Other	ARABIC DAMMA MEDIAL FORM	0.1152	0.0293		0
U+FE7A	ﹺ	Other	ARABIC KASRA ISOLATED FORM	0.0206	0.0000		0
U+FE7B	ﹻ	Other	ARABIC KASRA MEDIAL FORM	0.0919	0.0365		0
U+FE7C	ﹼ	Other	ARABIC SHADDA ISOLATED FORM	0.0522	0.0000		0
U+FE7D	ﹽ	Other	ARABIC SHADDA MEDIAL FORM	0.1235	0.0274		0
U+FE7E	ﹾ	Other	ARABIC SUKUN ISOLATED FORM	0.0529	0.0000		0
U+FE7F	ﹿ	Other	ARABIC SUKUN MEDIAL FORM	0.1241	0.0273		0
U+FE80	ﺀ	Other	ARABIC LETTER HAMZA ISOLATED FORM	0.0959	0.0000	U+0621	0
U+FE81	ﺁ	Other	ARABIC LETTER ALEF WITH MADDA ABOVE ISOLATED FORM	0.1177	0.0027	U+0622	0
U+FE82	ﺂ	Other	ARABIC LETTER ALEF WITH MADDA ABOVE FINAL FORM	0.1386	0.0191		0
U+FE83	ﺃ	Other	ARABIC LETTER ALEF WITH HAMZA ABOVE ISOLATED FORM	0.1077	0.0899		0
U+FE84	ﺄ	Other	ARABIC LETTER ALEF WITH HAMZA ABOVE FINAL FORM	0.1286	0.0918		0
U+FE85	ﺅ	Other	ARABIC LETTER WAW WITH HAMZA ABOVE ISOLATED FORM	0.1809	0.0000		0
U+FE86	ﺆ	Other	ARABIC LETTER WAW WITH HAMZA ABOVE FINAL FORM	0.1891	0.0120		0
U+FE87	ﺇ	Other	ARABIC LETTER ALEF WITH HAMZA BELOW ISOLATED FORM	0.1184	0.0000		0
U+FE88	ﺈ	Other	ARABIC LETTER ALEF WITH HAMZA BELOW FINAL FORM	0.1392	0.0167		0
U+FE89	ﺉ	Other	ARABIC LETTER YEH WITH HAMZA ABOVE ISOLATED FORM	0.1778	0.0015		0
U+FE8A	ﺊ	Other	ARABIC LETTER YEH WITH HAMZA ABOVE FINAL FORM	0.1417	0.1088		0
U+FE8B	ﺋ	Other	ARABIC LETTER YEH WITH HAMZA ABOVE INITIAL FORM	0.0873	0.0134		0
U+FE8C	ﺌ	Other	ARABIC LETTER YEH WITH HAMZA ABOVE MEDIAL FORM	0.1228	0.0276		0
U+FE8D	ﺍ	Other	ARABIC LETTER ALEF ISOLATED FORM	0.0914	0.0000	U+0627	0
U+FE8E	ﺎ	Other	ARABIC LETTER ALEF FINAL FORM	0.1123	0.0207		0
U+FE8F	ﺏ	Other	ARABIC LETTER BEH ISOLATED FORM	0.0999	0.0000		0
U+FE90	ﺐ	Other	ARABIC LETTER BEH FINAL FORM	0.1060	0.0213		0
U+FE91	ﺑ	Other	ARABIC LETTER BEH INITIAL FORM	0.0675	0.0172		0
U+FE92	ﺒ	Other	ARABIC LETTER BEH MEDIAL FORM	0.1031	0.0327		0
U+FE93	ﺓ	Other	ARABIC LETTER TEH MARBUTA ISOLATED FORM	0.1247	0.0000		0
U+FE94	ﺔ	Other	ARABIC LETTER TEH MARBUTA FINAL FORM	0.1219	0.0185		0
U+FE95	ﺕ	Other	ARABIC LETTER TEH ISOLATED FORM	0.1071	0.0000		0
U+FE96	ﺖ	Other	ARABIC LETTER TEH FINAL FORM	0.1132	0.0200		0
U+FE97	ﺗ	Other	ARABIC LETTER TEH INITIAL FORM	0.0748	0.0156		0
U+FE98	ﺘ	Other	ARABIC LETTER TEH MEDIAL FORM	0.1103	0.0306		0
U+FE99	ﺙ	Other	ARABIC LETTER THEH ISOLATED FORM	0.1144	0.0000		0
U+FE9A	ﺚ	Other	ARABIC LETTER THEH FINAL FORM	0.1205	0.0188		0
U+FE9B	ﺛ	Other	ARABIC LETTER THEH INITIAL FORM	0.0820	0.0142		0
U+FE9C	ﺜ	Other	ARABIC LETTER THEH MEDIAL FORM	0.1176	0.0288		0
U+FE9D	ﺝ	Other	ARABIC LETTER JEEM ISOLATED FORM	0.1766	0.0000		0
U+FE9E	ﺞ	Other	ARABIC LETTER JEEM FINAL FORM	0.2137	0.0161		0
U+FE9F	ﺟ	Other	ARABIC LETTER JEEM INITIAL FORM	0.1261	0.0093		0
U+FEA0	ﺠ	Other	ARABIC LETTER JEEM MEDIAL FORM	0.1526	0.0310		0
U+FEA1	ﺡ	Other	ARABIC LETTER HAH ISOLATED FORM	0.1694	0.0000	U+062D	0
U+FEA2	ﺢ	Other	ARABIC LETTER HAH FINAL FORM	0.2065	0.0166		0
U+FEA3	ﺣ	Other	ARABIC LETTER HAH INITIAL FORM	0.1189	0.0098		0
U+FEA4	ﺤ	Other	ARABIC LETTER HAH MEDIAL FORM	0.1454	0.0325		0
U+FEA5	ﺥ	Other	ARABIC LETTER KHAH ISOLATED FORM	0.1766	0.0000		0
U+FEA6	ﺦ	Other	ARABIC LETTER KHAH FINAL FORM	0.2137	0.0161		0
U+FEA7	ﺧ	Other	ARABIC LETTER KHAH INITIAL FORM	0.1261	0.0093		0
U+FEA8	ﺨ	Other	ARABIC LETTER KHAH MEDIAL FORM	0.1526	0.0310		0
U+FEA9	ﺩ	Other	ARABIC LETTER DAL ISOLATED FORM	0.0840	0.0000	U+062F	0
U+FEAA	ﺪ	Other	ARABIC LETTER DAL FINAL FORM	0.1016	0.0222		0
U+FEAB	ﺫ	Other	ARABIC LETTER THAL ISOLATED FORM	0.0913	0.0000		0
U+FEAC	ﺬ	Other	ARABIC LETTER THAL FINAL FORM	0.1088	0.0208		0
U+FEAD	ﺭ	Other	ARABIC LETTER REH ISOLATED FORM	0.0959	0.0309	U+0631	0
U+FEAE	ﺮ	Other	ARABIC LETTER REH FINAL FORM	0.1068	0.0986		0
U+FEAF	ﺯ	Other	ARABIC LETTER ZAIN ISOLATED FORM	0.1032	0.0288		0
U+FEB0	ﺰ	Other	ARABIC LETTER ZAIN FINAL FORM	0.1141	0.0929		0
U+FEB1	ﺱ	Other	ARABIC LETTER SEEN ISOLATED FORM	0.1539	0.1966	U+0633	0
U+FEB2	ﺲ	Other	ARABIC LETTER SEEN FINAL FORM	0.1612	0.2152		0
U+FEB3	ﺳ	Other	ARABIC LETTER SEEN INITIAL FORM	0.1419	0.0083		0
U+FEB4	ﺴ	Other	ARABIC LETTER SEEN MEDIAL FORM	0.1477	0.0234		0
U+FEB5	ﺵ	Other	ARABIC LETTER SHEEN ISOLATED FORM	0.1757	0.1766		0
U+FEB6	ﺶ	Other	ARABIC LETTER SHEEN FINAL FORM	0.1830	0.1946		0
U+FEB7	ﺷ	Other	ARABIC LETTER SHEEN INITIAL FORM	0.1637	0.0072		0
U+FEB8	ﺸ	Other	ARABIC LETTER SHEEN MEDIAL FORM	0.1695	0.0205		0
U+FEB9	ﺹ	Other	ARABIC LETTER SAD ISOLATED FORM	0.1588	0.1965	U+0635	0
U+FEBA	ﺺ	Other	ARABIC LETTER SAD FINAL FORM	0.1628	0.2212		0
U+FEBB	ﺻ	Other	ARABIC LETTER SAD INITIAL FORM	0.1453	0.0083		0
U+FEBC	ﺼ	Other	ARABIC LETTER SAD MEDIAL FORM	0.1492	0.0228		0
U+FEBD	ﺽ	Other	ARABIC LETTER DAD ISOLATED FORM	0.1660	0.1896	U+0636	0
U+FEBE	ﺾ	Other	ARABIC LETTER DAD FINAL FORM	0.1700	0.2138		0
U+FEBF	ﺿ	Other	ARABIC LETTER DAD INITIAL FORM	0.1526	0.0079		0
U+FEC0	ﻀ	Other	ARABIC LETTER DAD MEDIAL FORM	0.1564	0.0218		0
U+FEC1	ﻁ	Other	ARABIC LETTER TAH ISOLATED FORM	0.2052	0.0000	U+0637	0
U+FEC2	ﻂ	Other	ARABIC LETTER TAH FINAL FORM	0.2114	0.0108		0
U+FEC3	ﻃ	Other	ARABIC LETTER TAH INITIAL FORM	0.2058	0.0057		0
U+FEC4	ﻄ	Other	ARABIC LETTER TAH MEDIAL FORM	0.2125	0.0161		0
U+FEC5	ﻅ	Other	ARABIC LETTER ZAH ISOLATED FORM	0.2125	0.0000		0
U+FEC6	ﻆ	Other	ARABIC LETTER ZAH FINAL FORM	0.2186	0.0104		0
U+FEC7	ﻇ	Other	ARABIC LETTER ZAH INITIAL FORM	0.2130	0.0055		0
U+FEC8	ﻈ	Other	ARABIC LETTER ZAH MEDIAL FORM	0.2198	0.0156		0
U+FEC9	ﻉ	Other	ARABIC LETTER AIN ISOLATED FORM	0.1812	0.0000	U+0639	0
U+FECA	ﻊ	Other	ARABIC LETTER AIN FINAL FORM	0.2041	0.0207		0
U+FECB	ﻋ	Other	ARABIC LETTER AIN INITIAL FORM	0.1209	0.0097		0
U+FECC	ﻌ	Other	ARABIC LETTER AIN MEDIAL FORM	0.1475	0.0231		0
U+FECD	ﻍ	Other	ARABIC LETTER GHAIN ISOLATED FORM	0.1884	0.0000		0
U+FECE	ﻎ	Other	ARABIC LETTER GHAIN FINAL FORM	0.2114	0.0201		0
U+FECF	ﻏ	Other	ARABIC LETTER GHAIN INITIAL FORM	0.1281	0.0091		0
U+FED0	ﻐ	Other	ARABIC LETTER GHAIN MEDIAL FORM	0.1547	0.0220		0
U+FED1	ﻑ	Other	ARABIC LETTER FEH ISOLATED FORM	0.1799	0.0448		0
U+FED2	ﻒ	Other	ARABIC LETTER FEH FINAL FORM	0.1643	0.1152		0
U+FED3	ﻓ	Other	ARABIC LETTER FEH INITIAL FORM	0.1471	0.0080		0
U+FED4	ﻔ	Other	ARABIC LETTER FEH MEDIAL FORM	0.1542	0.0221		0
U+FED5	ﻕ	Other	ARABIC LETTER QAF ISOLATED FORM	0.2169	0.0000		0
U+FED6	ﻖ	Other	ARABIC LETTER QAF FINAL FORM	0.2162	0.0149		0
U+FED7	ﻗ	Other	ARABIC LETTER QAF INITIAL FORM	0.1544	0.0076		0
U+FED8	ﻘ	Other	ARABIC LETTER QAF MEDIAL FORM	0.1614	0.0211		0
U+FED9	ﻙ	Other	ARABIC LETTER KAF ISOLATED FORM	0.1756	0.0000	U+0643	0
U+FEDA	ﻚ	Other	ARABIC LETTER KAF FINAL FORM	0.1839	0.0515		0
U+FEDB	ﻛ	Other	ARABIC LETTER KAF INITIAL FORM	0.1504	0.0078	U+FB90	0
U+FEDC	ﻜ	Other	ARABIC LETTER KAF MEDIAL FORM	0.1832	0.0190	U+FB91	0
U+FEDD	ﻝ	Other	ARABIC LETTER LAM ISOLATED FORM	0.1660	0.0000	U+0644	0
U+FEDE	ﻞ	Other	ARABIC LETTER LAM FINAL FORM	0.1771	0.0128		0
U+FEDF	ﻟ	Other	ARABIC LETTER LAM INITIAL FORM	0.1347	0.0087		0
U+FEE0	ﻠ	Other	ARABIC LETTER LAM MEDIAL FORM	0.1517	0.0224		0
U+FEE1	ﻡ	Other	ARABIC LETTER MEEM ISOLATED FORM	0.1495	0.0000	U+0645	0
U+FEE2	ﻢ	Other	ARABIC LETTER MEEM FINAL FORM	0.1551	0.0146		0
U+FEE3	ﻣ	Other	ARABIC LETTER MEEM INITIAL FORM	0.1122	0.0104		0
U+FEE4	ﻤ	Other	ARABIC LETTER MEEM MEDIAL FORM	0.1325	0.0256		0
U+FEE5	ﻥ	Other	ARABIC LETTER NOON ISOLATED FORM	0.1350	0.0000		0
U+FEE6	ﻦ	Other	ARABIC LETTER NOON FINAL FORM	0.1405	0.0448		0
U+FEE7	ﻧ	Other	ARABIC LETTER NOON INITIAL FORM	0.0675	0.0172		0
U+FEE8	ﻨ	Other	ARABIC LETTER NOON MEDIAL FORM	0.1031	0.0327		0
U+FEE9	ﻩ	Other	ARABIC LETTER HEH ISOLATED FORM	0.1102	0.0000	U+0647	0
U+FEEA	ﻪ	Other	ARABIC LETTER HEH FINAL FORM	0.1074	0.0210		0
U+FEEB	ﻫ	Other	ARABIC LETTER HEH INITIAL FORM	0.1693	0.0069	U+FBAC	0
U+FEEC	ﻬ	Other	ARABIC LETTER HEH MEDIAL FORM	0.1955	0.0175		0
U+FEED	ﻭ	Other	ARABIC LETTER WAW ISOLATED FORM	0.1539	0.0000	U+0648	0
U+FEEE	ﻮ	Other	ARABIC LETTER WAW FINAL FORM	0.1621	0.0140		0
U+FEEF	ﻯ	Other	ARABIC LETTER ALEF MAKSURA ISOLATED FORM	0.1508	0.0018	U+0649	0
U+FEF0	ﻰ	Other	ARABIC LETTER ALEF MAKSURA FINAL FORM	0.1147	0.1310	U+FBFD	0
U+FEF1	ﻱ	Other	ARABIC LETTER YEH ISOLATED FORM	0.1653	0.0016		0
U+FEF2	ﻲ	Other	ARABIC LETTER YEH FINAL FORM	0.1292	0.1180		0
U+FEF3	ﻳ	Other	ARABIC LETTER YEH INITIAL FORM	0.0748	0.0156		0
U+FEF4	ﻴ	Other	ARABIC LETTER YEH MEDIAL FORM	0.1103	0.0306	U+FBFF	0
U+FEF5	ﻵ	Other	ARABIC LIGATURE LAM WITH ALEF WITH MADDA ABOVE ISOLATED FORM	0.1936	0.0213		0
U+FEF6	ﻶ	Other	ARABIC LIGATURE LAM WITH ALEF WITH MADDA ABOVE FINAL FORM	0.2227	0.0425		0
U+FEF7	ﻷ	Other	ARABIC LIGATURE LAM WITH ALEF WITH HAMZA ABOVE ISOLATED FORM	0.1970	0.0054		0
U+FEF8	ﻸ	Other	ARABIC LIGATURE LAM WITH ALEF WITH HAMZA ABOVE FINAL FORM	0.2272	0.0241		0
U+FEF9	ﻹ	Other	ARABIC LIGATURE LAM WITH ALEF WITH HAMZA BELOW ISOLATED FORM	0.1981	0.0000		0
U+FEFA	ﻺ	Other	ARABIC LIGATURE LAM WITH ALEF WITH HAMZA BELOW FINAL FORM	0.2306	0.0099		0
U+FEFB	ﻻ	Other	ARABIC LIGATURE LAM WITH ALEF ISOLATED FORM	0.1711	0.0000		0
U+FEFC	ﻼ	Other	ARABIC LIGATURE LAM WITH ALEF FINAL FORM	0.2036	0.0112		0
U+FFFD	�	Other	REPLACEMENT CHARACTER	0.3945	0.0000		0
U+1D55A	𝕚	Other	MATHEMATICAL DOUBLE-STRUCK SMALL I	0.1194	0.0000		0
U+1D670	𝙰	Other	MATHEMATICAL MONOSPACE CAPITAL A	0.2095	0.0000	U+0041	0
U+1D671	𝙱	Other	MATHEMATICAL MONOSPACE CAPITAL B	0.2539	0.0000	U+0042	0
U+1D672	𝙲	Other	MATHEMATICAL MONOSPACE CAPITAL C	0.1491	0.0000	U+0043	0
U+1D673	𝙳	Other	MATHEMATICAL MONOSPACE CAPITAL D	0.2269	0.0000	U+0044	0
U+1D674	𝙴	Other	MATHEMATICAL MONOSPACE CAPITAL E	0.1972	0.0000	U+0045	0
U+1D675	𝙵	Other	MATHEMATICAL MONOSPACE CAPITAL F	0.1609	0.0000	U+0046	0
U+1D676	𝙶	Other	MATHEMATICAL MONOSPACE CAPITAL G	0.1942	0.0000	U+0047	0
U+1D677	𝙷	Other	MATHEMATICAL MONOSPACE CAPITAL H	0.2240	0.0000	U+0048	0
U+1D678	𝙸	Other	MATHEMATICAL MONOSPACE CAPITAL I	0.1590	0.0000	U+0049	0
U+1D679	𝙹	Other	MATHEMATICAL MONOSPACE CAPITAL J	0.1439	0.0000	U+004A	0
U+1D67A	𝙺	Other	MATHEMATICAL MONOSPACE CAPITAL K	0.2203	0.0001	U+004B	0
U+1D67B	𝙻	Other	MATHEMATICAL MONOSPACE CAPITAL L	0.1338	0.0000	U+004C	0
U+1D67C	𝙼	Other	MATHEMATICAL MONOSPACE CAPITAL M	0.2639	0.0000	U+004D	0
U+1D67D	𝙽	Other	MATHEMATICAL MONOSPACE CAPITAL N	0.2619	0.0000	U+004E	0
U+1D67E	𝙾	Other	MATHEMATICAL MONOSPACE CAPITAL O	0.2133	0.0000	U+004F	0
U+1D67F	𝙿	Other	MATHEMATICAL MONOSPACE CAPITAL P	0.1959	0.0000	U+0050	0
U+1D680	𝚀	Other	MATHEMATICAL MONOSPACE CAPITAL Q	0.2337	0.0000	U+0051	0
U+1D681	𝚁	Other	MATHEMATICAL MONOSPACE CAPITAL R	0.2351	0.0005	U+0052	0
U+1D682	𝚂	Other	MATHEMATICAL MONOSPACE CAPITAL S	0.1812	0.0000	U+0053	0
U+1D683	𝚃	Other	MATHEMATICAL MONOSPACE CAPITAL T	0.1442	0.0000	U+0054	0
U+1D684	𝚄	Other	MATHEMATICAL MONOSPACE CAPITAL U	0.2041	0.0000	U+0055	0
U+1D685	𝚅	Other	MATHEMATICAL MONOSPACE CAPITAL V	0.1801	0.0000	U+0056	0
U+1D686	𝚆	Other	MATHEMATICAL MONOSPACE CAPITAL W	0.2600	0.0015	U+0057	0
U+1D687	𝚇	Other	MATHEMATICAL MONOSPACE CAPITAL X	0.1911	0.0000	U+0058	0
U+1D688	𝚈	Other	MATHEMATICAL MONOSPACE CAPITAL Y	0.1484	0.0000	U+0059	0
U+1D689	𝚉	Other	MATHEMATICAL MONOSPACE CAPITAL Z	0.1838	0.0000	U+005A	0
U+1D68A	𝚊	Other	MATHEMATICAL MONOSPACE SMALL A	0.1750	0.0000	U+0061	0
U+1D68B	𝚋	Other	MATHEMATICAL MONOSPACE SMALL B	0.2026	0.0000	U+0062	0
U+1D68C	𝚌	Other	MATHEMATICAL MONOSPACE SMALL C	0.1144	0.0000	U+0063	0
U+1D68D	𝚍	Other	MATHEMATICAL MONOSPACE SMALL D	0.2028	0.0000	U+0064	0
U+1D68E	𝚎	Other	MATHEMATICAL MONOSPACE SMALL E	0.1704	0.0000	U+0065	0
U+1D68F	𝚏	Other	MATHEMATICAL MONOSPACE SMALL F	0.1404	0.0000	U+0066	0
U+1D690	𝚐	Other	MATHEMATICAL MONOSPACE SMALL G	0.2229	0.0000	U+0067	0
U+1D691	𝚑	Other	MATHEMATICAL MONOSPACE SMALL H	0.1795	0.0000	U+0068	0
U+1D692	𝚒	Other	MATHEMATICAL MONOSPACE SMALL I	0.1296	0.0000	U+0069	0
U+1D693	𝚓	Other	MATHEMATICAL MONOSPACE SMALL J	0.1375	0.0000	U+006A	0
U+1D694	𝚔	Other	MATHEMATICAL MONOSPACE SMALL K	0.1834	0.0000	U+006B	0
U+1D695	𝚕	Other	MATHEMATICAL MONOSPACE SMALL L	0.1216	0.0000	U+006C	0
U+1D696	𝚖	Other	MATHEMATICAL MONOSPACE SMALL M	0.2032	0.0000	U+006D	0
U+1D697	𝚗	Other	MATHEMATICAL MONOSPACE SMALL N	0.1528	0.0000	U+006E	0
U+1D698	𝚘	Other	MATHEMATICAL MONOSPACE SMALL O	0.1610	0.0000	U+006F	0
U+1D699	𝚙	Other	MATHEMATICAL MONOSPACE SMALL P	0.2032	0.0000	U+0070	0
U+1D69A	𝚚	Other	MATHEMATICAL MONOSPACE SMALL Q	0.2033	0.0000	U+0071	0
U+1D69B	𝚛	Other	MATHEMATICAL MONOSPACE SMALL R	0.0988	0.0000	U+0072	0
U+1D69C	𝚜	Other	MATHEMATICAL MONOSPACE SMALL S	0.1363	0.0000	U+0073	0
U+1D69D	𝚝	Other	MATHEMATICAL MONOSPACE SMALL T	0.1355	0.0000	U+0074	0
U+1D69E	𝚞	Other	MATHEMATICAL MONOSPACE SMALL U	0.1529	0.0000	U+0075	0
U+1D69F	𝚟	Other	MATHEMATICAL MONOSPACE SMALL V	0.1317	0.0000	U+0076	0
U+1D6A0	𝚠	Other	MATHEMATICAL MONOSPACE SMALL W	0.1815	0.0013	U+0077	0
U+1D6A1	𝚡	Other	MATHEMATICAL MONOSPACE SMALL X	0.1397	0.0000	U+0078	0
U+1D6A2	𝚢	Other	MATHEMATICAL MONOSPACE SMALL Y	0.1676	0.0000	U+0079	0
U+1D6A3	𝚣	Other	MATHEMATICAL MONOSPACE SMALL Z	0.1359	0.0000	U+007A	0
U+1D7F6	𝟶	Other	MATHEMATICAL MONOSPACE DIGIT ZERO	0.2209	0.0000	U+0030	0
U+1D7F7	𝟷	Other	MATHEMATICAL MONOSPACE DIGIT ONE	0.1438	0.0000	U+0031	0
U+1D7F8	𝟸	Other	MATHEMATICAL MONOSPACE DIGIT TWO	0.1669	0.0000	U+0032	0
U+1D7F9	𝟹	Other	MATHEMATICAL MONOSPACE DIGIT THREE	0.1661	0.0000	U+0033	0
U+1D7FA	𝟺	Other	MATHEMATICAL MONOSPACE DIGIT FOUR	0.1867	0.0000	U+0034	0
U+1D7FB	𝟻	Other	MATHEMATICAL MONOSPACE DIGIT FIVE	0.1753	0.0000	U+0035	0
U+1D7FC	𝟼	Other	MATHEMATICAL MONOSPACE DIGIT SIX	0.2073	0.0000	U+0036	0
U+1D7FD	𝟽	Other	MATHEMATICAL MONOSPACE DIGIT SEVEN	0.1350	0.0000	U+0037	0
U+1D7FE	𝟾	Other	MATHEMATICAL MONOSPACE DIGIT EIGHT	0.2293	0.0000	U+0038	0
U+1D7FF	𝟿	Other	MATHEMATICAL MONOSPACE DIGIT NINE	0.2073	0.0000	U+0039	0
